liga,liga_nombre,fecha,hora_peru,local,visitante,goles_l,goles_v,resultado,estado,jornada,fase,fuente,c1,cx,c2,over_2.5,under_2.5,btts_si,btts_no,corners_over_8.5,corners_over_9.5,shots_linea,shots_over_precio,sot_linea,sot_over_precio,cards_linea,cards_over_precio,fouls_linea,fouls_over_precio
comp_4540,Liga Profesional Argentina,2026-08-11,17:00,Banfield,Belgrano,,,,scheduled,4,,thestatsapi,3.1,2.8,2.5,2.88,1.4,2.25,1.57,1.91,,,,,,,,,
comp_4540,Liga Profesional Argentina,2026-08-09,15:45,Gimnasia y Esgrima,Barracas Central,,,,scheduled,4,,thestatsapi,1.7,3.25,5.5,2.6,1.48,2.38,1.53,1.83,,,,,,,,,
comp_4540,Liga Profesional Argentina,2026-08-09,15:00,Tigre,River Plate,,,,scheduled,4,,thestatsapi,3.3,2.9,2.3,2.7,1.44,2.2,1.61,1.83,,23.5,1.83,9.5,2.1,,,,
comp_4540,Liga Profesional Argentina,2026-08-09,15:00,Independiente Rivadavia,Estudiantes de Río Cuarto,,,,scheduled,4,,thestatsapi,1.55,3.6,7.5,2.25,1.61,2.25,1.57,1.73,,25.5,1.83,8.5,1.67,,,,
comp_4540,Liga Profesional Argentina,2026-08-09,15:00,CA Independiente,Platense,,,,scheduled,4,,thestatsapi,1.61,3.3,6.5,2.5,1.5,2.38,1.53,1.91,,,,,,,,,
comp_4540,Liga Profesional Argentina,2026-08-09,15:00,Argentinos Juniors,Racing Club,,,,scheduled,4,,thestatsapi,2.3,2.8,3.5,2.88,1.4,2.25,1.57,1.91,,,,,,,,,
comp_4540,Liga Profesional Argentina,2026-08-09,15:00,Defensa y Justicia,Newell's Old Boys,,,,scheduled,4,,thestatsapi,2.38,2.9,3.2,2.5,1.5,2.05,1.7,1.8,,,,,,,,,
comp_4540,Liga Profesional Argentina,2026-08-09,15:00,Talleres,Lanús,,,,scheduled,4,,thestatsapi,2.35,2.75,3.5,3.1,1.36,2.25,1.57,1.83,,,,,,,,,
comp_4540,Liga Profesional Argentina,2026-08-09,15:00,Club Atlético Unión de Santa Fe,Central Córdoba,,,,scheduled,4,,thestatsapi,1.48,3.9,7.0,2.1,1.7,2.25,1.57,1.67,,,,,,,,,
comp_4540,Liga Profesional Argentina,2026-08-09,13:00,San Lorenzo,Huracán,,,,scheduled,4,,thestatsapi,2.8,2.7,2.88,4.0,1.25,2.75,1.4,1.83,,,,,,,,,
comp_4540,Liga Profesional Argentina,2026-08-08,19:30,Instituto De Córdoba,Gimnasia y Esgrima Mendoza,,,,scheduled,4,,thestatsapi,1.57,3.4,7.0,2.5,1.5,2.5,1.5,1.67,2.1,,,,,,,,
comp_4540,Liga Profesional Argentina,2026-08-08,17:15,Boca Juniors,Vélez Sarsfield,,,,scheduled,4,,thestatsapi,1.75,3.2,5.25,2.6,1.48,2.38,1.53,1.73,,,,,,,,,
comp_4540,Liga Profesional Argentina,2026-08-08,12:45,Deportivo Riestra,Estudiantes de La Plata,,,,scheduled,4,,thestatsapi,3.4,2.62,2.5,4.2,1.22,3.0,1.36,1.8,2.38,,,,,,,,
comp_4540,Liga Profesional Argentina,2026-08-08,12:45,Atlético Tucumán,Sarmiento,,,,scheduled,4,,thestatsapi,1.75,3.2,5.25,2.7,1.44,2.38,1.53,1.73,,,,,,,,,
comp_4540,Liga Profesional Argentina,2026-08-07,17:30,Rosario Central,Aldosivi,,,,scheduled,4,,thestatsapi,1.51,3.76,7.38,2.5,1.5,2.62,1.44,1.72,2.15,26.5,1.83,9.5,1.83,,,,
comp_4540,Liga Profesional Argentina,2026-08-06,17:00,Club Atlético Unión de Santa Fe,Lanús,,,,scheduled,2,,thestatsapi,2.35,3.05,3.33,2.5,1.5,2.05,1.7,1.83,2.23,27.5,1.83,8.5,1.83,5.5,2.0,,
comp_4540,Liga Profesional Argentina,2026-08-05,19:15,Tigre,Belgrano,,,,scheduled,2,,thestatsapi,2.64,2.77,3.3,3.1,1.36,2.38,1.53,1.9,2.4,21.5,1.73,7.5,1.8,4.5,1.44,,
comp_4540,Liga Profesional Argentina,2026-08-05,17:00,Boca Juniors,Estudiantes de La Plata,,,,scheduled,2,,thestatsapi,2.17,3.0,4.11,2.7,1.44,2.25,1.57,1.67,2.0,22.5,1.8,8.5,2.1,5.5,1.61,,
comp_4795,Brasileirão Série A,2026-08-09,17:30,Flamengo,Vitória,,,,scheduled,22,,thestatsapi,1.22,6.37,11.99,1.6,2.3,2.1,1.67,1.6,1.91,,,,,,,,
comp_4795,Brasileirão Série A,2026-08-09,16:30,Santos,Athletico,,,,scheduled,22,,thestatsapi,2.16,3.25,3.59,2.12,1.74,1.91,1.91,,1.83,,,,,,,,
comp_4795,Brasileirão Série A,2026-08-09,16:30,Red Bull Bragantino,Corinthians,,,,scheduled,22,,thestatsapi,2.13,3.23,3.7,2.28,1.65,1.95,1.8,1.34,1.57,,,,,,,,
comp_4795,Brasileirão Série A,2026-08-09,14:00,Palmeiras,Internacional,,,,scheduled,22,,thestatsapi,1.61,3.8,5.92,2.0,1.84,1.95,1.8,1.25,1.43,,,,,,,,
comp_4795,Brasileirão Série A,2026-08-09,14:00,Bahia,Vasco da Gama,,,,scheduled,22,,thestatsapi,1.89,3.73,3.91,1.88,1.95,1.75,2.0,,,,,,,,,,
comp_4795,Brasileirão Série A,2026-08-09,09:00,Cruzeiro,Mirassol,,,,scheduled,22,,thestatsapi,1.68,3.78,5.23,1.96,1.88,1.95,1.8,,,,,,,,,,
comp_4795,Brasileirão Série A,2026-08-08,19:00,Botafogo,Fluminense,,,,scheduled,22,,thestatsapi,2.64,3.07,2.93,1.96,1.88,1.7,2.05,1.49,1.8,,,,,,,,
comp_4795,Brasileirão Série A,2026-08-08,18:30,Coritiba,Chapecoense,,,,scheduled,22,,thestatsapi,1.63,3.96,5.33,1.99,1.85,1.95,1.8,,,,,,,,,,
comp_4795,Brasileirão Série A,2026-08-08,16:30,Remo,Atlético Mineiro,,,,scheduled,22,,thestatsapi,3.05,3.21,2.45,2.18,1.7,1.8,1.95,1.36,1.73,,,,,,,,
comp_4795,Brasileirão Série A,2026-08-08,14:00,Grêmio,São Paulo,,,,scheduled,22,,thestatsapi,2.45,3.17,3.09,2.11,1.75,1.8,1.95,1.47,1.83,,,,,,,,
comp_720692,Primera A Colombia,2026-08-10,20:05,Junior Barranquilla,Deportivo Pereira,,,,scheduled,4,,thestatsapi,1.31,4.88,9.33,1.74,2.06,,,,,,,,,,,,
comp_720692,Primera A Colombia,2026-08-10,18:00,Independiente Medellín,Millonarios,,,,scheduled,4,,thestatsapi,2.58,3.09,2.84,2.05,1.75,,,,,,,,,,,,
comp_720692,Primera A Colombia,2026-08-10,16:00,Rionegro Águilas Doradas,Llaneros FC,,,,scheduled,4,,thestatsapi,1.98,3.13,4.13,2.29,1.6,,,,,,,,,,,,
comp_720692,Primera A Colombia,2026-08-09,20:15,América de Cali,Atlético Nacional,,,,scheduled,4,,thestatsapi,2.4,3.1,2.8,2.25,1.57,1.96,1.75,,,,,,,,,,
comp_720692,Primera A Colombia,2026-08-09,18:10,Jaguares de Córdoba,Once Caldas,,,,scheduled,4,,thestatsapi,2.9,3.1,2.45,2.4,1.49,2.07,1.67,,,,,,,,,,
comp_720692,Primera A Colombia,2026-08-09,16:05,Alianza Valledupar FC,Atlético Bucaramanga,,,,scheduled,4,,thestatsapi,2.62,3.1,2.62,2.25,1.57,,,,,,,,,,,,
comp_720692,Primera A Colombia,2026-08-08,20:30,Deportivo Pasto,Deportivo Cali,,,,scheduled,4,,thestatsapi,2.42,2.88,3.3,2.4,1.5,2.02,1.7,,,,,,,,,,
comp_720692,Primera A Colombia,2026-08-08,18:25,Deportes Tolima,Internacional de Bogotá,,,,scheduled,4,,thestatsapi,1.4,4.0,7.0,2.0,1.73,2.32,1.54,,,,,,,,,,
comp_720692,Primera A Colombia,2026-08-08,16:20,Fortaleza CEIF,Cúcuta Deportivo,,,,scheduled,4,,thestatsapi,1.68,3.46,5.38,2.18,1.66,2.0,1.73,,1.8,,,,,,,,
comp_720692,Primera A Colombia,2026-08-08,14:00,Independiente Santa Fe,Boyacá Chicó FC,,,,scheduled,4,,thestatsapi,1.31,4.61,10.82,2.05,1.74,,,,,,,,,,,,
comp_720692,Primera A Colombia,2026-08-06,16:00,Boyacá Chicó FC,Alianza Valledupar FC,,,,scheduled,3,,thestatsapi,2.5,2.9,3.1,2.6,1.48,2.1,1.67,,,,,,,,,,
comp_720692,Primera A Colombia,2026-08-05,20:30,Once Caldas,América de Cali,,,,scheduled,3,,thestatsapi,2.13,3.23,3.64,2.12,1.72,1.83,1.83,1.58,1.83,,,,,,,,
comp_720692,Primera A Colombia,2026-08-05,18:15,Internacional de Bogotá,Jaguares de Córdoba,,,,scheduled,3,,thestatsapi,1.55,3.92,6.57,2.06,1.78,2.1,1.67,1.83,,,,,,,,,
comp_0499,CONMEBOL Libertadores,2026-08-12,17:00,Palmeiras,Cerro Porteño,,,,scheduled,5,round_of_16,thestatsapi,1.29,5.13,10.41,1.93,1.87,,,,,,,,,,,,
comp_0499,CONMEBOL Libertadores,2026-08-12,17:00,Platense,Coquimbo Unido,,,,scheduled,5,round_of_16,thestatsapi,1.88,3.13,4.74,2.55,1.45,,,,,,,,,,,,
comp_0499,CONMEBOL Libertadores,2026-08-11,19:30,Deportes Tolima,Independiente del Valle,,,,scheduled,5,round_of_16,thestatsapi,3.12,3.06,2.43,2.08,1.72,1.72,1.98,,,,,,,,,,
comp_0499,CONMEBOL Libertadores,2026-08-11,19:30,Estudiantes de La Plata,Universidad Católica,,,,scheduled,5,round_of_16,thestatsapi,1.59,3.67,5.99,2.28,1.61,2.35,1.52,,,,,,,,,,
comp_0499,CONMEBOL Libertadores,2026-08-11,17:00,Fluminense,Independiente Rivadavia,,,,scheduled,5,round_of_16,thestatsapi,1.56,3.85,5.94,2.08,1.72,2.2,1.61,,,,,,,,,,
comp_1615,CONMEBOL Sudamericana,2026-08-12,17:00,Tigre,Montevideo City Torque,,,,scheduled,5,round_of_16,thestatsapi,1.93,3.3,3.97,2.09,1.69,2.0,1.73,,,,,,,,,,
comp_1615,CONMEBOL Sudamericana,2026-08-12,17:00,Red Bull Bragantino,Atlético Mineiro,,,,scheduled,5,round_of_16,thestatsapi,2.02,3.29,3.67,2.06,1.71,1.83,1.83,,,,,,,,,,
comp_1615,CONMEBOL Sudamericana,2026-08-11,19:30,Bolívar,São Paulo,,,,scheduled,5,round_of_16,thestatsapi,1.93,3.56,3.63,1.81,1.97,1.65,2.12,1.47,1.77,,,,,,,,
comp_1615,CONMEBOL Sudamericana,2026-08-11,17:00,Boca Juniors,Recoleta FC,,,,scheduled,5,round_of_16,thestatsapi,1.33,4.33,7.5,1.82,1.78,,,,,,,,,,,,
comp_7938,Danish Superliga,2026-08-10,12:00,Silkeborg IF,Odense Boldklub,,,,scheduled,3,,thestatsapi,2.4,3.6,2.4,1.44,2.6,,,,,,,,,,,,
comp_7938,Danish Superliga,2026-08-09,11:00,AC Horsens,Brøndby IF,,,,scheduled,3,,thestatsapi,4.52,3.81,1.74,1.83,2.0,1.8,1.95,1.28,1.48,,,,,,,,
comp_7938,Danish Superliga,2026-08-09,09:00,Randers FC,Lyngby,,,,scheduled,3,,thestatsapi,2.11,3.67,3.26,1.74,2.09,1.61,2.2,,,,,,,,,,
comp_7938,Danish Superliga,2026-08-07,12:00,Sønderjyske Fodbold,Viborg FF,,,,scheduled,3,,thestatsapi,3.06,3.71,2.19,1.61,2.25,1.53,2.38,1.32,1.54,,,,,,,,
comp_1992,Eliteserien,2026-08-09,12:15,Kristiansund BK,Molde FK,,,,scheduled,17,,thestatsapi,4.88,3.73,1.72,1.57,2.35,1.57,2.25,1.32,1.53,,,,,,,,
comp_1992,Eliteserien,2026-08-09,10:00,HamKam,Aalesunds FK,,,,scheduled,17,,thestatsapi,2.13,3.8,3.14,1.53,2.4,1.44,2.62,1.27,1.46,,,,,,,,
comp_1992,Eliteserien,2026-08-09,07:30,Lillestrøm SK,Rosenborg BK,,,,scheduled,17,,thestatsapi,2.35,3.64,2.87,1.6,2.3,1.5,2.5,1.27,1.46,,,,,,,,
comp_1992,Eliteserien,2026-08-08,11:00,IK Start,Fredrikstad FK,,,,scheduled,17,,thestatsapi,2.24,3.45,3.21,1.8,2.03,1.61,2.2,1.37,1.62,,,,,,,,
comp_1992,Eliteserien,2026-08-08,09:00,Viking FK,Sarpsborg 08,,,,scheduled,17,,thestatsapi,1.35,5.68,7.14,1.33,3.4,1.53,2.38,1.22,1.37,,,,,,,,
comp_1992,Eliteserien,2026-08-08,07:00,Vålerenga IF,Bodø/Glimt,,,,scheduled,17,,thestatsapi,5.49,5.02,1.49,1.36,3.1,1.5,2.5,1.37,1.61,,,,,,,,
comp_1992,Eliteserien,2026-08-07,12:00,Sandefjord Fotball,KFUM Oslo,,,,scheduled,17,,thestatsapi,2.03,3.65,3.54,1.71,2.16,,,,,,,,,,,,
comp_6981,Liga 1 Perú,2026-08-09,15:30,Melgar,FC Cajamarca,,,,scheduled,4,,thestatsapi,1.28,4.88,8.25,1.57,2.35,1.91,1.8,1.8,,,,,,,,,
comp_6981,Liga 1 Perú,2026-08-09,13:00,Deportivo Garcilaso,CD Moquegua,,,,scheduled,4,,thestatsapi,1.52,3.89,5.97,1.94,1.85,1.83,1.83,2.0,2.15,,,,,,,,
comp_6981,Liga 1 Perú,2026-08-08,20:00,Sport Boys,Alianza Lima,,,,scheduled,4,,thestatsapi,3.82,3.06,2.02,2.3,1.58,2.1,1.67,,,,,,,,,,
comp_6981,Liga 1 Perú,2026-08-08,15:30,ADC Juan Pablo II,Club Atlético Grau,,,,scheduled,4,,thestatsapi,2.3,3.2,3.0,2.08,1.73,1.83,1.83,,,,,,,,,,
comp_6981,Liga 1 Perú,2026-08-08,13:00,Universidad Técnica de Cajamarca,Asociación Deportiva Tarma,,,,scheduled,4,,thestatsapi,2.14,3.24,3.28,1.98,1.81,1.82,1.85,1.77,2.23,,,,,,,,
comp_6981,Liga 1 Perú,2026-08-07,20:30,Universitario,Club Sporting Cristal,,,,scheduled,4,,thestatsapi,1.74,3.68,4.26,1.86,1.93,1.8,1.91,1.53,1.73,,,,,,,,
comp_6981,Liga 1 Perú,2026-08-07,15:15,Comerciantes Unidos,Cusco FC,,,,scheduled,4,,thestatsapi,2.87,3.15,2.4,1.99,1.81,1.73,2.0,2.0,2.17,,,,,,,,
comp_6981,Liga 1 Perú,2026-08-07,13:00,Sport Huancayo,Los Chankas CYC,,,,scheduled,4,,thestatsapi,1.59,3.89,5.02,1.7,2.09,1.67,2.1,1.58,1.93,,,,,,,,
comp_6981,Liga 1 Perú,2026-08-06,15:00,Alianza Atlético de Sullana,Cienciano,,,,scheduled,4,,thestatsapi,2.28,2.84,3.43,1.88,1.91,1.67,2.1,,2.1,,,,,,,,
comp_1917,LigaPro Serie A Ecuador,2026-08-10,19:00,Deportivo Cuenca,Manta FC,,,,scheduled,24,,thestatsapi,1.61,3.48,5.85,2.15,1.67,2.2,1.61,,,,,,,,,,
comp_1917,LigaPro Serie A Ecuador,2026-08-10,16:30,Libertad,Universidad Católica del Ecuador,,,,scheduled,24,,thestatsapi,4.4,3.64,1.75,1.87,1.9,1.73,2.0,,1.91,,,,,,,,
comp_1917,LigaPro Serie A Ecuador,2026-08-10,14:00,Técnico Universitario,Mushuc Runa,,,,scheduled,24,,thestatsapi,2.49,3.06,2.93,2.18,1.65,1.8,1.91,,1.83,,,,,,,,
comp_1917,LigaPro Serie A Ecuador,2026-08-09,19:00,Guayaquil City,Emelec,,,,scheduled,24,,thestatsapi,3.08,3.16,2.34,2.6,1.48,2.0,1.73,1.73,,,,,,,,,
comp_1917,LigaPro Serie A Ecuador,2026-08-09,16:00,Delfín,Orense SC,,,,scheduled,24,,thestatsapi,2.42,3.04,3.07,2.5,1.5,2.1,1.67,,,,,,,,,,
comp_1917,LigaPro Serie A Ecuador,2026-08-08,19:00,Barcelona SC,Macará,,,,scheduled,24,,thestatsapi,1.81,2.95,5.5,2.12,1.68,2.0,1.73,1.47,2.1,,,,,,,,
comp_1917,LigaPro Serie A Ecuador,2026-08-08,16:30,Aucas,Leones del Norte,,,,scheduled,24,,thestatsapi,1.69,3.47,5.12,2.23,1.62,2.0,1.68,1.58,1.95,,,,,,,,
comp_1917,LigaPro Serie A Ecuador,2026-08-07,19:00,LDU,Independiente del Valle,,,,scheduled,24,,thestatsapi,2.66,3.12,2.69,1.98,1.79,1.67,2.1,1.37,1.6,,,,,,,,
comp_6387,Scottish Premiership,2026-08-09,10:00,Rangers,Hibernian,,,,scheduled,2,,thestatsapi,1.53,4.41,5.56,1.57,2.38,1.67,2.1,1.29,1.48,,,,,,,,
comp_6387,Scottish Premiership,2026-08-09,09:00,Heart of Midlothian,Dundee United,,,,scheduled,2,,thestatsapi,1.62,4.0,5.13,1.74,2.1,1.8,1.95,1.27,1.45,,,,,,,,
comp_6387,Scottish Premiership,2026-08-09,09:00,Motherwell,Falkirk FC,,,,scheduled,2,,thestatsapi,1.8,3.8,4.19,1.74,2.1,1.67,2.1,1.5,2.1,,,,,,,,
comp_6387,Scottish Premiership,2026-08-09,07:30,Kilmarnock,Celtic,,,,scheduled,2,,thestatsapi,6.71,5.17,1.39,1.5,2.62,1.67,2.1,1.4,1.65,,,,,,,,
comp_6387,Scottish Premiership,2026-08-08,09:00,St. Mirren,St. Johnstone,,,,scheduled,2,,thestatsapi,2.37,3.34,3.02,1.91,1.91,1.7,2.05,1.24,1.41,,,,,,,,
comp_6387,Scottish Premiership,2026-08-08,09:00,Dundee FC,Aberdeen,,,,scheduled,2,,thestatsapi,2.68,3.32,2.64,1.85,1.97,1.67,2.1,1.43,1.73,,,,,,,,
comp_3498,UEFA Champions League,2026-08-11,14:00,Olympique Lyonnais,AC Sparta Praha,,,,scheduled,3,qualifying,thestatsapi,,,,,,,,,,,,,,,,,
comp_3498,UEFA Champions League,2026-08-11,13:30,SK Sturm Graz,Fenerbahçe,,,,scheduled,3,qualifying,thestatsapi,,,,,,,,,,,,,,,,,
comp_3498,UEFA Champions League,2026-08-11,13:15,ŠK Slovan Bratislava,Mjällby AIF,,,,scheduled,3,qualifying,thestatsapi,,,,,,,,,,,,,,,,,
comp_3498,UEFA Champions League,2026-08-11,13:15,NK Celje,FC Ararat-Armenia,,,,scheduled,3,qualifying,thestatsapi,,,,,,,,,,,,,,,,,
comp_3498,UEFA Champions League,2026-08-11,13:00,FK Crvena zvezda,Hapoel Be'er Sheva,,,,scheduled,3,qualifying,thestatsapi,,,,,,,,,,,,,,,,,
comp_3498,UEFA Champions League,2026-08-11,12:30,NEC Nijmegen,Olympiacos FC,,,,scheduled,3,qualifying,thestatsapi,,,,,,,,,,,,,,,,,
comp_3498,UEFA Champions League,2026-08-11,12:00,FK Kauno Žalgiris,GNK Dinamo Zagreb,,,,scheduled,3,qualifying,thestatsapi,,,,,,,,,,,,,,,,,
comp_3498,UEFA Champions League,2026-08-11,11:00,Sabah FK,AGF,,,,scheduled,3,qualifying,thestatsapi,,,,,,,,,,,,,,,,,
comp_3498,UEFA Champions League,2026-08-11,11:00,Bodø/Glimt,Royale Union Saint-Gilloise,,,,scheduled,3,qualifying,thestatsapi,,,,,,,,,,,,,,,,,
comp_3498,UEFA Champions League,2026-08-11,10:00,Kairat Almaty,Levski Sofia,,,,scheduled,3,qualifying,thestatsapi,,,,,,,,,,,,,,,,,
comp_3498,UEFA Champions League,2026-08-05,13:00,Fenerbahçe,SK Sturm Graz,,,,scheduled,3,qualifying,thestatsapi,1.33,5.53,7.37,1.53,2.38,1.91,1.8,1.46,1.73,,,,,,,,
comp_3498,UEFA Champions League,2026-08-05,11:30,AGF,Sabah FK,,,,scheduled,3,qualifying,thestatsapi,1.7,3.86,4.52,1.74,2.08,1.8,1.91,1.46,1.8,,,,,,,,
comp_7739,UEFA Europa League,2026-08-11,11:00,FC Iberia 1999,Larne FC,,,,scheduled,3,qualifying,thestatsapi,,,,,,,,,,,,,,,,,
comp_7739,UEFA Europa League,2026-08-06,14:00,Benfica,Heart of Midlothian,,,,scheduled,3,qualifying,thestatsapi,1.07,10.39,25.91,1.3,3.4,2.25,1.57,1.36,1.57,,,,,,,,
comp_7739,UEFA Europa League,2026-08-06,13:00,FC Thun,Víkingur Reykjavík,,,,scheduled,3,qualifying,thestatsapi,1.44,4.54,6.04,1.44,2.62,1.61,2.2,1.4,1.66,,,,,,,,
comp_7739,UEFA Europa League,2026-08-06,12:45,PAOK,RSC Anderlecht,,,,scheduled,3,qualifying,thestatsapi,1.51,3.45,4.69,1.77,1.85,1.91,1.8,1.56,1.83,,,,,,,,
comp_7739,UEFA Europa League,2026-08-06,12:00,Red Bull Salzburg,Pafos FC,,,,scheduled,3,qualifying,thestatsapi,1.55,4.04,5.31,1.68,2.12,1.73,2.0,1.48,1.8,,,,,,,,
comp_7739,UEFA Europa League,2026-08-06,12:00,Lech Poznań,Klaksvíkar Ítróttarfelag,,,,scheduled,3,qualifying,thestatsapi,1.11,6.27,9.47,1.5,2.5,2.1,1.67,1.34,1.56,,,,,,,,
comp_7739,UEFA Europa League,2026-08-06,12:00,FC Hradec Králové,Beşiktaş,,,,scheduled,3,qualifying,thestatsapi,3.83,3.38,1.9,1.83,1.95,1.73,2.0,,2.0,,,,,,,,
comp_7739,UEFA Europa League,2026-08-06,12:00,Lincoln Red Imps,Omonia Nicosia,,,,scheduled,3,qualifying,thestatsapi,5.15,4.12,1.55,1.68,2.12,1.8,1.91,1.8,2.2,,,,,,,,
comp_7739,UEFA Europa League,2026-08-06,11:00,Maccabi Tel Aviv,CSKA Sofia,,,,scheduled,3,qualifying,thestatsapi,1.97,3.3,3.68,1.98,1.81,1.8,1.91,,2.1,,,,,,,,
comp_7739,UEFA Europa League,2026-08-06,11:00,Jagiellonia Białystok,Rangers,,,,scheduled,3,qualifying,thestatsapi,3.04,3.1,2.32,1.97,1.83,1.73,2.0,1.54,2.0,,,,,,,,
comp_7739,UEFA Europa League,2026-08-06,10:00,KuPS,Universitatea Craiova,,,,scheduled,3,qualifying,thestatsapi,3.39,3.39,2.03,1.91,1.88,1.8,1.91,1.67,2.02,,,,,,,,
comp_7739,UEFA Europa League,2026-08-05,13:15,Ferencváros TC,Górnik Zabrze,,,,scheduled,3,qualifying,thestatsapi,1.69,3.69,4.54,1.8,2.0,1.8,1.91,1.52,1.83,,,,,,,,
comp_408698,UEFA Conference League,2026-08-12,11:00,SK Rapid Wien,Paide Linnameeskond,,,,scheduled,3,qualifying,thestatsapi,,,,,,,,,,,,,,,,,
comp_408698,UEFA Conference League,2026-08-12,11:00,FC København,Debreceni VSC,,,,scheduled,3,qualifying,thestatsapi,,,,,,,,,,,,,,,,,
comp_408698,UEFA Conference League,2026-08-12,11:00,GKS Katowice,Hapoel Tel Aviv,,,,scheduled,3,qualifying,thestatsapi,,,,,,,,,,,,,,,,,
comp_408698,UEFA Conference League,2026-08-11,12:30,FC CSKA 1948 Sofia,Panathinaikos,,,,scheduled,3,qualifying,thestatsapi,,,,,,,,,,,,,,,,,
comp_408698,UEFA Conference League,2026-08-11,12:00,Apollon Limassol,SK Brann,,,,scheduled,3,qualifying,thestatsapi,,,,,,,,,,,,,,,,,
comp_408698,UEFA Conference League,2026-08-06,14:00,FK Partizan,FC Tobol,,,,scheduled,3,qualifying,thestatsapi,1.26,5.31,8.95,1.64,2.17,1.91,1.8,1.62,2.1,,,,,,,,
comp_408698,UEFA Conference League,2026-08-06,14:00,Hibernian,KF Shkëndija,,,,scheduled,3,qualifying,thestatsapi,1.43,4.06,6.61,1.87,1.9,2.1,1.67,1.49,1.8,,,,,,,,
comp_408698,UEFA Conference League,2026-08-06,14:00,SP Tre Fiori,FC Drita,,,,scheduled,3,qualifying,thestatsapi,9.06,5.0,1.28,1.67,2.13,2.2,1.61,1.8,2.23,,,,,,,,
comp_408698,UEFA Conference League,2026-08-06,13:45,HNK Rijeka,Ilves,,,,scheduled,3,qualifying,thestatsapi,1.08,8.26,23.96,1.53,2.38,2.75,1.4,1.45,1.73,,,,,,,,
comp_408698,UEFA Conference League,2026-08-06,13:45,Bohemian FC,FC Midtjylland,,,,scheduled,3,qualifying,thestatsapi,7.23,5.32,1.3,1.6,2.3,1.83,1.83,,1.8,,,,,,,,
comp_408698,UEFA Conference League,2026-08-06,13:30,Valur Reykjavík,FC Nordsjælland,,,,scheduled,3,qualifying,thestatsapi,9.39,5.57,1.23,1.53,2.38,1.83,1.83,1.37,1.6,,,,,,,,
comp_408698,UEFA Conference League,2026-08-06,13:30,Sporting Braga,Dinamo Minsk,,,,scheduled,3,qualifying,thestatsapi,1.09,8.0,23.0,1.44,2.62,2.62,1.44,1.49,1.83,,,,,,,,
comp_408698,UEFA Conference League,2026-08-06,13:30,FC Lugano,NSÍ Runavík,,,,scheduled,3,qualifying,thestatsapi,1.1,9.0,17.0,1.4,2.75,2.62,1.44,1.43,1.7,,,,,,,,
comp_408698,UEFA Conference League,2026-08-06,13:30,FK Borac Banja Luka,ML Vitebsk,,,,scheduled,3,qualifying,thestatsapi,1.66,3.49,4.28,2.01,1.7,2.0,1.73,1.46,1.83,,,,,,,,
comp_408698,UEFA Conference League,2026-08-06,13:00,FC Twente,DAC 1904,,,,scheduled,3,qualifying,thestatsapi,1.13,7.34,13.47,,,,,,,,,,,,,,
comp_408698,UEFA Conference League,2026-08-06,13:00,AFC Ajax,Shelbourne,,,,scheduled,3,qualifying,thestatsapi,1.02,13.64,42.7,1.3,3.4,2.62,1.44,1.42,1.67,,,,,,,,
comp_408698,UEFA Conference League,2026-08-06,13:00,Hapoel Tel Aviv,GKS Katowice,,,,scheduled,3,qualifying,thestatsapi,2.1,3.26,3.11,1.93,1.84,1.8,1.91,1.5,1.73,,,,,,,,
comp_408698,UEFA Conference League,2026-08-06,12:30,Beitar Jerusalem,Austria Wien,,,,scheduled,3,qualifying,thestatsapi,2.2,3.16,3.08,2.0,1.79,1.73,2.0,1.56,1.92,,,,,,,,
comp_408698,UEFA Conference League,2026-08-06,12:00,Inter Club d'Escaldes,Flora Tallinn,,,,scheduled,3,qualifying,thestatsapi,1.91,3.09,3.64,1.98,1.75,1.73,2.0,1.53,1.91,,,,,,,,
comp_408698,UEFA Conference League,2026-08-06,12:00,Sheriff Tiraspol,FC St. Gallen 1879,,,,scheduled,3,qualifying,thestatsapi,3.38,3.38,1.98,1.69,2.1,1.61,2.2,1.55,2.1,,,,,,,,
comp_408698,UEFA Conference League,2026-08-06,12:00,Debreceni VSC,FC København,,,,scheduled,3,qualifying,thestatsapi,4.2,3.5,1.7,1.8,2.0,1.8,1.91,,,,,,,,,,
comp_408698,UEFA Conference League,2026-08-06,12:00,IFK Göteborg,KAA Gent,,,,scheduled,3,qualifying,thestatsapi,3.22,3.25,2.06,1.91,1.86,1.73,2.0,1.3,1.52,,,,,,,,
comp_408698,UEFA Conference League,2026-08-06,12:00,Dynamo Kyiv,Qarabağ,,,,scheduled,3,qualifying,thestatsapi,2.13,3.33,3.07,1.83,1.95,1.73,2.0,1.6,1.83,,,,,,,,
comp_408698,UEFA Conference League,2026-08-06,12:00,Raków Częstochowa,Hammarby IF,,,,scheduled,3,qualifying,thestatsapi,2.09,3.13,3.27,1.86,1.91,1.73,2.0,1.54,2.0,,,,,,,,
comp_408698,UEFA Conference League,2026-08-06,12:00,FK Žalgiris,HNK Hajduk Split,,,,scheduled,3,qualifying,thestatsapi,3.51,3.41,1.93,1.77,1.98,1.67,2.1,1.48,1.83,,,,,,,,
comp_408698,UEFA Conference League,2026-08-06,12:00,Riga FC,ETO FC Győr,,,,scheduled,3,qualifying,thestatsapi,2.03,3.37,3.26,1.91,1.86,1.8,1.91,1.58,2.0,,,,,,,,
comp_408698,UEFA Conference League,2026-08-06,11:30,CFR 1907 Cluj,Tromsø IL,,,,scheduled,3,qualifying,thestatsapi,2.64,3.21,2.43,2.03,1.74,1.83,1.83,1.67,2.23,,,,,,,,
comp_408698,UEFA Conference League,2026-08-06,11:00,FK Jablonec,RFS,,,,scheduled,3,qualifying,thestatsapi,1.66,3.69,4.49,1.97,1.81,1.91,1.8,1.56,1.83,,,,,,,,
comp_408698,UEFA Conference League,2026-08-06,11:00,Paide Linnameeskond,SK Rapid Wien,,,,scheduled,3,qualifying,thestatsapi,11.19,5.85,1.19,1.5,2.5,2.0,1.73,1.47,1.8,,,,,,,,
comp_408698,UEFA Conference League,2026-08-06,11:00,HJK,Motherwell,,,,scheduled,3,qualifying,thestatsapi,2.37,3.31,2.64,1.77,1.98,1.67,2.1,1.73,2.15,,,,,,,,
comp_408698,UEFA Conference League,2026-08-06,11:00,FC Noah,FC Sion,,,,scheduled,3,qualifying,thestatsapi,2.67,3.4,2.34,1.72,2.04,1.57,2.25,1.67,2.02,,,,,,,,
comp_408698,UEFA Conference League,2026-08-06,10:00,Inter Turku,FC Vaduz,,,,scheduled,3,qualifying,thestatsapi,1.99,3.4,3.27,1.68,2.11,1.61,2.2,1.55,1.89,,,,,,,,
comp_408698,UEFA Conference League,2026-08-05,13:30,Panathinaikos,FC CSKA 1948 Sofia,,,,scheduled,3,qualifying,thestatsapi,1.25,5.0,11.0,1.7,2.1,2.62,1.44,1.64,2.0,,,,,,,,
comp_408698,UEFA Conference League,2026-08-05,12:00,SK Brann,Apollon Limassol,,,,scheduled,3,qualifying,thestatsapi,1.56,4.14,4.99,1.65,2.2,1.91,1.8,1.34,1.56,,,,,,,,
comp_9799,MLS,2026-08-08,15:30,New England Revolution,Houston Dynamo,,,,scheduled,,,thestatsapi,2.47,3.41,2.82,1.77,2.05,1.61,2.2,1.47,1.83,,,,,,,,
