fecha,hora,liga,liga_nombre,local,visitante,mercado,categoria,prob,cuota,ev,es_publico,es_premium,es_mejor_apuesta,es_combo,estado,resultado_detalle,registrado_en,liquidado_en
2026-07-21,16:30,comp_1917,LigaPro Serie A Ecuador,Libertad,Delfín,Victoria Libertad,1X2,61.3,,0.174,True,False,True,False,Ganado,Libertad 1-0 Delfín,2026-07-21T16:33:28.538367-05:00,2026-07-22T11:21:25.007611-05:00
2026-07-21,17:00,comp_1615,CONMEBOL Sudamericana,Nacional,Tigre,Más de 20.5 tiros,Tiros,73.3,,0.187,True,False,True,False,Perdido,Nacional 0-3 Tigre (remates: 7-11=18),2026-07-21T16:33:28.538367-05:00,2026-07-22T12:00:00.000000-05:00
2026-07-21,17:30,comp_4795,Brasileirão Série A,Atlético Mineiro,Bahia,Ambos anotan - Sí,Goles,53.8,,0.0,False,False,True,False,Ganado,Atlético Mineiro 1-1 Bahia,2026-07-21T16:33:28.538367-05:00,2026-07-22T11:21:25.007611-05:00
2026-07-21,19:00,comp_1917,LigaPro Serie A Ecuador,Universidad Católica del Ecuador,Barcelona SC,Más de 9.5 córners,Córners,56.8,,0.092,False,False,True,False,Ganado,U. Católica 2-1 Barcelona SC (córners: 8-2=10),2026-07-21T16:33:28.538367-05:00,2026-07-22T12:00:00.000000-05:00
2026-07-21,19:30,comp_1615,CONMEBOL Sudamericana,Universidad Central,Santos,Más de 2.5 goles,Goles,50.3,,0.036,False,False,True,False,Ganado,Universidad Central 1-4 Santos,2026-07-21T16:33:28.538367-05:00,2026-07-22T11:21:25.007611-05:00
2026-07-21,20:00,comp_298265,Liga MX Apertura,Cruz Azul,Club Puebla,Ambos anotan - Sí,Goles,52.2,,0.001,False,False,True,False,Ganado,Cruz Azul 2-1 Club Puebla,2026-07-21T16:33:28.538367-05:00,2026-07-22T11:21:25.007611-05:00
2026-07-21,22:05,comp_298265,Liga MX Apertura,CD Toluca,Pumas UNAM,Victoria CD Toluca,1X2,62.5,,0.008,False,False,True,False,Perdido,CD Toluca 1-2 Pumas UNAM,2026-07-21T16:33:28.538367-05:00,2026-07-22T11:21:25.007611-05:00
2026-07-22,11:00,comp_408698,UEFA Conference League,Neftçi Baku PFK,Dinamo Minsk,Menos de 2.5 goles,Goles,74.9,,0.128,False,False,True,False,Perdido,Neftçi Baku PFK 2-4 Dinamo Minsk,2026-07-21T16:33:28.538367-05:00,2026-07-23T06:19:40.488827-05:00
2026-07-22,12:00,comp_1992,Eliteserien,Lillestrøm SK,Viking FK,Más de 2.5 goles,Goles,59.7,,-0.057,False,False,True,False,Ganado,Lillestrøm SK 1-2 Viking FK,2026-07-21T16:33:28.538367-05:00,2026-07-23T06:19:40.488827-05:00
2026-07-22,12:00,comp_1992,Eliteserien,Bodø/Glimt,HamKam,Más de 2.5 goles,Goles,68.4,,-0.116,False,False,True,False,Ganado,Bodø/Glimt 3-0 HamKam,2026-07-21T16:33:28.538367-05:00,2026-07-23T06:19:40.488827-05:00
2026-07-22,12:00,comp_3498,UEFA Champions League,Omonia Nicosia,Kairat Almaty,Menos de 2.5 goles,Goles,61.3,,0.048,False,False,True,False,Ganado,Omonia Nicosia 1-0 Kairat Almaty,2026-07-21T16:33:28.538367-05:00,2026-07-23T06:19:40.488827-05:00
2026-07-22,12:00,comp_408698,UEFA Conference League,Bohemian FC,KF Ballkani,Menos de 2.5 goles,Goles,55.4,,-0.005,False,False,True,False,Perdido,Bohemian FC 2-1 KF Ballkani,2026-07-21T16:33:28.538367-05:00,2026-07-23T06:19:40.488827-05:00
2026-07-22,12:30,comp_3498,UEFA Champions League,Levski Sofia,Universitatea Craiova,Más de 2.5 goles,Goles,46.6,,0.014,False,False,True,False,Perdido,Levski Sofia 1-0 Universitatea Craiova,2026-07-21T16:33:28.538367-05:00,2026-07-23T06:19:40.488827-05:00
2026-07-22,12:45,comp_408698,UEFA Conference League,Başakşehir FK,Inter Turku,Menos de 2.5 goles,Goles,48.5,,0.041,False,False,True,False,Ganado,Başakşehir FK 1-1 Inter Turku,2026-07-21T16:33:28.538367-05:00,2026-07-23T06:19:40.488827-05:00
2026-07-22,13:00,comp_408698,UEFA Conference League,FK Vardar Skopje,Riga FC,Más de 2.5 goles,Goles,57.5,,-0.017,False,False,True,False,Ganado,FK Vardar Skopje 2-3 Riga FC,2026-07-21T16:33:28.538367-05:00,2026-07-23T06:19:40.488827-05:00
2026-07-22,13:30,comp_408698,UEFA Conference League,FC Spartak Trnava,FC CSKA 1948 Sofia,Victoria FC Spartak Trnava,1X2,51.8,,0.063,False,False,True,False,Perdido,FC Spartak Trnava 0-0 FC CSKA 1948 Sofia,2026-07-21T16:33:28.538367-05:00,2026-07-23T06:19:40.488827-05:00
2026-07-22,14:00,comp_3498,UEFA Champions League,KF Egnatia,NK Celje,Victoria KF Egnatia,1X2,50.2,,0.218,False,False,True,False,Perdido,KF Egnatia 3-3 NK Celje,2026-07-21T16:33:28.538367-05:00,2026-07-23T06:19:40.488827-05:00
2026-07-22,14:00,comp_1917,LigaPro Serie A Ecuador,Macará,Deportivo Cuenca,Victoria Macará,1X2,56.8,,0.107,False,False,True,False,Ganado,Macará 3-0 Deportivo Cuenca,2026-07-21T16:33:28.538367-05:00,2026-07-23T06:19:40.488827-05:00
2026-07-22,14:00,comp_408698,UEFA Conference League,FK Železničar Pančevo,Sporting Braga,Menos de 2.5 goles,Goles,79.8,,0.31,False,False,True,False,Ganado,FK Železničar Pančevo 0-1 Sporting Braga,2026-07-21T16:33:28.538367-05:00,2026-07-23T06:19:40.488827-05:00
2026-07-22,16:30,comp_1917,LigaPro Serie A Ecuador,Independiente del Valle,Técnico Universitario,Menos de 2.5 goles,Goles,60.1,,0.157,False,False,True,False,Perdido,Independiente del Valle 3-0 Técnico Universitario,2026-07-21T16:33:28.538367-05:00,2026-07-23T06:19:40.488827-05:00
2026-07-22,17:00,comp_1615,CONMEBOL Sudamericana,Independiente Medellín,Vasco da Gama,Más de 2.5 goles,Goles,55.3,,0.086,False,False,True,False,Ganado,Independiente Medellín 2-2 Vasco da Gama,2026-07-21T16:33:28.538367-05:00,2026-07-23T06:19:40.488827-05:00
2026-07-22,17:00,comp_1615,CONMEBOL Sudamericana,Independiente Medellín,Vasco da Gama,Más de 24.5 tiros,Tiros,71.7,,0.171,True,False,True,False,Ganado,Independiente Medellín 2-2 Vasco da Gama,2026-07-22T11:21:25.712549-05:00,2026-07-23T11:35:56.942936-05:00
2026-07-22,17:30,comp_4795,Brasileirão Série A,Coritiba,Palmeiras,Más de 2.5 goles,Goles,58.6,,0.136,False,False,True,False,Ganado,Coritiba 1-3 Palmeiras,2026-07-21T16:33:28.538367-05:00,2026-07-23T06:19:40.488827-05:00
2026-07-22,18:30,comp_9799,MLS,Inter Miami CF,Chicago Fire,Más de 2.5 goles,Goles,80.8,,0.073,False,False,True,False,Ganado,Inter Miami CF 3-2 Chicago Fire,2026-07-21T16:33:28.538367-05:00,2026-07-23T06:19:40.488827-05:00
2026-07-22,18:30,comp_9799,MLS,FC Cincinnati,Vancouver Whitecaps,Más de 2.5 goles,Goles,67.0,,-0.044,False,False,True,False,Ganado,FC Cincinnati 4-3 Vancouver Whitecaps,2026-07-21T16:33:28.538367-05:00,2026-07-23T06:19:40.488827-05:00
2026-07-22,18:30,comp_9799,MLS,Columbus Crew,New York City FC,Más de 2.5 goles,Goles,60.3,,0.051,False,False,True,False,Ganado,Columbus Crew 1-2 New York City FC,2026-07-21T16:33:28.538367-05:00,2026-07-23T06:19:40.488827-05:00
2026-07-22,18:30,comp_9799,MLS,Philadelphia Union,New York Red Bulls,Más de 2.5 goles,Goles,59.4,,-0.082,False,False,True,False,Ganado,Philadelphia Union 3-1 New York Red Bulls,2026-07-21T16:33:28.538367-05:00,2026-07-23T06:19:40.488827-05:00
2026-07-22,18:30,comp_9799,MLS,New England Revolution,Toronto FC,Más de 2.5 goles,Goles,61.6,,0.064,False,False,True,False,Perdido,New England Revolution 0-0 Toronto FC,2026-07-21T16:33:28.538367-05:00,2026-07-23T06:19:40.488827-05:00
2026-07-22,19:00,comp_1917,LigaPro Serie A Ecuador,Manta FC,LDU,Más de 2.5 goles,Goles,55.0,,0.124,False,False,True,False,Perdido,Manta FC 1-1 LDU,2026-07-21T16:33:28.538367-05:00,2026-07-23T06:19:40.488827-05:00
2026-07-22,19:15,comp_9799,MLS,Charlotte FC,Atlanta United,Menos de 2.5 goles,Goles,50.2,,0.041,False,False,True,False,Perdido,Charlotte FC 2-2 Atlanta United,2026-07-21T16:33:28.538367-05:00,2026-07-23T06:19:40.488827-05:00
2026-07-22,19:30,comp_4795,Brasileirão Série A,São Paulo,Athletico,Menos de 2.5 goles,Goles,63.8,,0.032,False,False,True,False,Perdido,São Paulo 1-2 Athletico,2026-07-21T16:33:28.538367-05:00,2026-07-23T06:19:40.488827-05:00
2026-07-22,19:30,comp_1615,CONMEBOL Sudamericana,Club Sporting Cristal,Red Bull Bragantino,Victoria Club Sporting Cristal,1X2,57.7,,0.277,False,False,True,False,Perdido,Club Sporting Cristal 0-0 Red Bull Bragantino,2026-07-21T16:33:28.538367-05:00,2026-07-23T06:19:40.488827-05:00
2026-07-22,19:30,comp_1615,CONMEBOL Sudamericana,Club Sporting Cristal,Red Bull Bragantino,Más de 8.5 córners,Córners,82.6,1.52,0.168,True,False,False,False,Perdido,Club Sporting Cristal 0-0 Red Bull Bragantino,2026-07-22T11:21:25.712549-05:00,2026-07-23T11:35:56.942936-05:00
2026-07-22,19:30,comp_1615,Multi-liga,Club Sporting Cristal,Red Bull Bragantino,Combinada: Más de 8.5 córners (Club Sporting Cristal) + Más de 8.5 córners (Portland Timbers),Combinada,64.4,2.22,0.43,False,True,False,True,Perdido,Más de 8.5 córners: Perdido | Más de 8.5 córners: Perdido,2026-07-22T11:21:25.712549-05:00,2026-07-23T11:35:56.942936-05:00
2026-07-22,19:30,comp_1615,CONMEBOL Sudamericana,Lanús,Cienciano,Menos de 2.5 goles,Goles,67.9,,0.184,False,False,True,False,Ganado,Lanús 2-0 Cienciano,2026-07-21T16:33:28.538367-05:00,2026-07-23T06:19:40.488827-05:00
2026-07-22,19:30,comp_4795,Brasileirão Série A,Internacional,Cruzeiro,Menos de 2.5 goles,Goles,52.8,,-0.031,False,False,True,False,Perdido,Internacional 1-2 Cruzeiro,2026-07-21T16:33:28.538367-05:00,2026-07-23T06:19:40.488827-05:00
2026-07-22,19:30,comp_4795,Brasileirão Série A,Chapecoense,Flamengo,Menos de 2.5 goles,Goles,57.4,,0.071,False,False,True,False,Perdido,Chapecoense 0-4 Flamengo,2026-07-21T16:33:28.538367-05:00,2026-07-23T06:19:40.488827-05:00
2026-07-22,19:30,comp_9799,MLS,Sporting Kansas City,Minnesota United,Más de 2.5 goles,Goles,60.2,,-0.088,False,False,True,False,Ganado,Sporting Kansas City 2-1 Minnesota United,2026-07-21T16:33:28.538367-05:00,2026-07-23T06:19:40.488827-05:00
2026-07-22,19:30,comp_9799,MLS,Nashville SC,CF Montréal,Más de 2.5 goles,Goles,74.1,,0.12,False,False,True,False,Perdido,Nashville SC 1-0 CF Montréal,2026-07-21T16:33:28.538367-05:00,2026-07-23T06:19:40.488827-05:00
2026-07-22,19:30,comp_9799,MLS,Houston Dynamo,DC United,Más de 2.5 goles,Goles,62.5,,0.066,False,False,True,False,Perdido,Houston Dynamo 1-1 DC United,2026-07-21T16:33:28.538367-05:00,2026-07-23T06:19:40.488827-05:00
2026-07-22,20:30,comp_9799,MLS,Colorado Rapids,San Diego FC,Más de 2.5 goles,Goles,64.7,,-0.047,False,False,True,False,Perdido,Colorado Rapids 1-0 San Diego FC,2026-07-21T16:33:28.538367-05:00,2026-07-23T06:19:40.488827-05:00
2026-07-22,20:30,comp_9799,MLS,Austin FC,Seattle Sounders FC,Más de 2.5 goles,Goles,74.6,,0.144,True,False,True,False,Ganado,Austin FC 3-1 Seattle Sounders FC,2026-07-21T16:33:28.538367-05:00,2026-07-23T06:19:40.488827-05:00
2026-07-22,21:30,comp_9799,MLS,Portland Timbers,FC Dallas,Más de 2.5 goles,Goles,61.0,,-0.057,False,False,True,False,Ganado,Portland Timbers 2-2 FC Dallas,2026-07-21T16:33:28.538367-05:00,2026-07-23T06:19:40.488827-05:00
2026-07-22,21:30,comp_9799,MLS,Los Angeles FC,Real Salt Lake,Victoria Los Angeles FC,1X2,64.8,,0.06,False,False,True,False,Ganado,Los Angeles FC 3-1 Real Salt Lake,2026-07-21T16:33:28.538367-05:00,2026-07-23T06:19:40.488827-05:00
2026-07-22,21:30,comp_9799,MLS,LA Galaxy,St.Louis City,Más de 2.5 goles,Goles,69.1,,0.054,False,False,True,False,Ganado,LA Galaxy 1-3 St.Louis City,2026-07-21T16:33:28.538367-05:00,2026-07-23T06:19:40.488827-05:00
2026-07-22,21:30,comp_9799,MLS,San Jose Earthquakes,Orlando City SC,Más de 2.5 goles,Goles,73.7,,0.002,False,False,True,False,Ganado,San Jose Earthquakes 0-4 Orlando City SC,2026-07-21T16:33:28.538367-05:00,2026-07-23T06:19:40.488827-05:00
2026-07-23,08:00,comp_408698,UEFA Conference League,KuPS,Riga FC,Menos de 2.5 goles,Goles,56.5,,0.0,False,False,True,False,Pendiente,,2026-07-21T16:33:28.538367-05:00,
2026-07-23,09:30,comp_408698,UEFA Conference League,FC Malisheva,Hibernian,Victoria FC Malisheva,1X2,50.5,,0.294,False,False,True,False,Ganado,FC Malisheva 2-0 Hibernian,2026-07-21T16:33:28.538367-05:00,2026-07-23T11:35:56.942936-05:00
2026-07-23,10:00,comp_408698,UEFA Conference League,FK Liepaja,Austria Wien,Más de 2.5 goles,Goles,51.8,,-0.05,False,False,True,False,Perdido,FK Liepaja 0-2 Austria Wien,2026-07-21T16:33:28.538367-05:00,2026-07-24T02:02:20.642033-05:00
2026-07-23,10:00,comp_408698,UEFA Conference League,FC Alashkert,CFR 1907 Cluj,Victoria FC Alashkert,1X2,54.3,,0.249,False,False,True,False,Perdido,FC Alashkert 1-1 CFR 1907 Cluj,2026-07-21T16:33:28.538367-05:00,2026-07-24T02:02:20.642033-05:00
2026-07-23,10:30,comp_408698,UEFA Conference League,FK Panevėžys,FC Tobol,Menos de 2.5 goles,Goles,79.8,,0.177,False,False,True,False,Ganado,FK Panevėžys 1-1 FC Tobol,2026-07-21T16:33:28.538367-05:00,2026-07-24T02:02:20.642033-05:00
2026-07-23,11:00,comp_408698,UEFA Conference League,HJK,Coleraine FC,Menos de 2.5 goles,Goles,68.5,,0.259,False,False,True,False,Perdido,HJK 5-0 Coleraine FC,2026-07-21T16:33:28.538367-05:00,2026-07-24T02:02:20.642033-05:00
2026-07-23,11:00,comp_408698,UEFA Conference League,Debreceni VSC,Pyunik Yerevan,Menos de 2.5 goles,Goles,67.7,,0.112,False,False,True,False,Ganado,Debreceni VSC 1-0 Pyunik Yerevan,2026-07-21T16:33:28.538367-05:00,2026-07-24T02:02:20.642033-05:00
2026-07-23,11:00,comp_408698,UEFA Conference League,Flora Tallinn,The New Saints,Victoria Flora Tallinn,1X2,54.7,,0.092,False,False,True,False,Ganado,Flora Tallinn 1-0 The New Saints,2026-07-21T16:33:28.538367-05:00,2026-07-24T02:02:20.642033-05:00
2026-07-23,11:00,comp_408698,UEFA Conference League,FC Dila Gori,Apollon Limassol,Menos de 2.5 goles,Goles,64.1,,0.039,False,False,True,False,Perdido,FC Dila Gori 0-4 Apollon Limassol,2026-07-21T16:33:28.538367-05:00,2026-07-24T02:02:20.642033-05:00
2026-07-23,11:00,comp_408698,UEFA Conference League,Paide Linnameeskond,Zirə FK,Menos de 2.5 goles,Goles,51.3,,0.008,False,False,True,False,Ganado,Paide Linnameeskond 1-0 Zirə FK,2026-07-21T16:33:28.538367-05:00,2026-07-24T02:02:20.642033-05:00
2026-07-23,11:30,comp_408698,UEFA Conference League,Raków Częstochowa,Valletta FC,Menos de 2.5 goles,Goles,69.8,,0.298,False,False,True,False,Perdido,Raków Częstochowa 3-1 Valletta FC,2026-07-21T16:33:28.538367-05:00,2026-07-24T02:02:20.642033-05:00
2026-07-23,11:30,comp_408698,UEFA Conference League,DAC 1904,FK Velež Mostar,Menos de 2.5 goles,Goles,71.2,,0.238,False,False,True,False,Ganado,DAC 1904 1-0 FK Velež Mostar,2026-07-21T16:33:28.538367-05:00,2026-07-24T02:02:20.642033-05:00
2026-07-23,11:30,comp_408698,UEFA Conference League,AEK Larnaca,Beitar Jerusalem,Menos de 2.5 goles,Goles,56.6,,-0.022,False,False,True,False,Ganado,AEK Larnaca 0-1 Beitar Jerusalem,2026-07-21T16:33:28.538367-05:00,2026-07-24T02:02:20.642033-05:00
2026-07-23,11:30,comp_408698,UEFA Conference League,RFS,IF Vestri,Menos de 2.5 goles,Goles,66.9,,0.419,False,False,True,False,Perdido,RFS 4-1 IF Vestri,2026-07-21T16:33:28.538367-05:00,2026-07-24T02:02:20.642033-05:00
2026-07-23,12:00,comp_408698,UEFA Conference League,FC Zimbru Chişinău,FC Noah,Más de 2.5 goles,Goles,51.2,,-0.031,False,False,True,False,Perdido,FC Zimbru Chişinău 1-1 FC Noah,2026-07-21T16:33:28.538367-05:00,2026-07-24T02:02:20.642033-05:00
2026-07-23,12:00,comp_408698,UEFA Conference League,ML Vitebsk,FK Sutjeska Nikšić,Más de 2.5 goles,Goles,56.3,,0.06,False,False,True,False,Ganado,ML Vitebsk 3-0 FK Sutjeska Nikšić,2026-07-21T16:33:28.538367-05:00,2026-07-24T02:02:20.642033-05:00
2026-07-23,12:00,comp_408698,UEFA Conference League,BATE Borisov,FC Sion,Menos de 2.5 goles,Goles,72.7,,0.258,False,False,True,False,Ganado,BATE Borisov 1-1 FC Sion,2026-07-21T16:33:28.538367-05:00,2026-07-24T02:02:20.642033-05:00
2026-07-23,12:00,comp_408698,UEFA Conference League,Dinamo Tbilisi,FK Žalgiris,Menos de 2.5 goles,Goles,56.1,,-0.08,False,False,True,False,Perdido,Dinamo Tbilisi 3-0 FK Žalgiris,2026-07-21T16:33:28.538367-05:00,2026-07-24T02:02:20.642033-05:00
2026-07-23,12:00,comp_408698,UEFA Conference League,FC Santa Coloma,SK Rapid Wien,Victoria FC Santa Coloma,1X2,56.2,,0.471,False,False,True,False,Perdido,FC Santa Coloma 1-3 SK Rapid Wien,2026-07-21T16:33:28.538367-05:00,2026-07-24T02:02:20.642033-05:00
2026-07-23,12:00,comp_408698,UEFA Conference League,GAIS,FC Nordsjælland,Victoria GAIS,1X2,50.2,,0.132,False,False,True,False,Ganado,GAIS 1-0 FC Nordsjælland,2026-07-21T16:33:28.538367-05:00,2026-07-24T02:02:20.642033-05:00
2026-07-23,12:00,comp_408698,UEFA Conference League,FC Universitatea Cluj,SK Brann,Más de 2.5 goles,Goles,51.0,,0.017,False,False,True,False,Ganado,FC Universitatea Cluj 2-2 SK Brann,2026-07-21T16:33:28.538367-05:00,2026-07-24T02:02:20.642033-05:00
2026-07-23,12:30,comp_408698,UEFA Conference League,FC Vaduz,Atlètic Club Escaldes,Menos de 2.5 goles,Goles,58.9,,0.169,False,False,True,False,Perdido,FC Vaduz 4-0 Atlètic Club Escaldes,2026-07-21T16:33:28.538367-05:00,2026-07-24T02:02:20.642033-05:00
2026-07-23,12:45,comp_408698,UEFA Conference League,FCSB,FK Auda,Menos de 2.5 goles,Goles,69.2,,0.227,False,False,True,False,Perdido,FCSB 2-3 FK Auda,2026-07-21T16:33:28.538367-05:00,2026-07-24T02:02:20.642033-05:00
2026-07-23,13:00,comp_408698,UEFA Conference League,Polissya Zhytomyr,FC København,Victoria Polissya Zhytomyr,1X2,47.5,,0.212,False,False,True,False,Perdido,Polissya Zhytomyr 3-3 FC København,2026-07-21T16:33:28.538367-05:00,2026-07-24T02:02:20.642033-05:00
2026-07-23,13:00,comp_408698,UEFA Conference League,NK Varaždin,FK Jablonec,Menos de 2.5 goles,Goles,66.5,,0.136,False,False,True,False,Perdido,NK Varaždin 3-2 FK Jablonec,2026-07-21T16:33:28.538367-05:00,2026-07-24T02:02:20.642033-05:00
2026-07-23,13:00,comp_408698,UEFA Conference League,Paksi FC,Panathinaikos,Victoria Paksi FC,1X2,48.8,,0.277,False,False,True,False,Perdido,Paksi FC 1-2 Panathinaikos,2026-07-21T16:33:28.538367-05:00,2026-07-24T02:02:20.642033-05:00
2026-07-23,13:00,comp_408698,UEFA Conference League,NK Aluminij Kidričevo,Dinamo City,Menos de 2.5 goles,Goles,69.5,,0.149,False,False,True,False,Ganado,NK Aluminij Kidričevo 1-1 Dinamo City,2026-07-21T16:33:28.538367-05:00,2026-07-24T02:02:20.642033-05:00
2026-07-23,13:00,comp_408698,UEFA Conference League,FK Vojvodina,AFC Ajax,Victoria FK Vojvodina,1X2,58.6,,0.386,False,False,True,False,Perdido,FK Vojvodina 1-4 AFC Ajax,2026-07-21T16:33:28.538367-05:00,2026-07-24T02:02:20.642033-05:00
2026-07-23,13:30,comp_408698,UEFA Conference League,MŠK Žilina,GKS Katowice,Menos de 2.5 goles,Goles,65.9,,0.149,False,False,True,False,Perdido,MŠK Žilina 2-1 GKS Katowice,2026-07-21T16:33:28.538367-05:00,2026-07-24T02:02:20.642033-05:00
2026-07-23,13:30,comp_408698,UEFA Conference League,FK Borac Banja Luka,FC Petrocub Hîncesti,Más de 2.5 goles,Goles,58.3,,-0.054,False,False,True,False,Ganado,FK Borac Banja Luka 3-0 FC Petrocub Hîncesti,2026-07-21T16:33:28.538367-05:00,2026-07-24T02:02:20.642033-05:00
2026-07-23,13:30,comp_408698,UEFA Conference League,LNZ Cherkasy,KAA Gent,Menos de 2.5 goles,Goles,79.8,,0.192,False,False,True,False,Ganado,LNZ Cherkasy 0-0 KAA Gent,2026-07-21T16:33:28.538367-05:00,2026-07-24T02:02:20.642033-05:00
2026-07-23,13:30,comp_408698,UEFA Conference League,Hapoel Tel Aviv,Ludogorets,Menos de 2.5 goles,Goles,74.4,,0.107,True,False,True,False,Ganado,Hapoel Tel Aviv 2-0 Ludogorets,2026-07-21T16:33:28.538367-05:00,2026-07-24T02:02:20.642033-05:00
2026-07-23,13:30,comp_408698,UEFA Conference League,FC Lugano,Dukagjini,Menos de 2.5 goles,Goles,59.2,,0.116,False,False,True,False,Ganado,FC Lugano 1-0 Dukagjini,2026-07-21T16:33:28.538367-05:00,2026-07-24T02:02:20.642033-05:00
2026-07-23,13:45,comp_408698,UEFA Conference League,HNK Rijeka,Derry City,Menos de 2.5 goles,Goles,76.9,,0.304,False,False,True,False,Ganado,HNK Rijeka 1-0 Derry City,2026-07-21T16:33:28.538367-05:00,2026-07-24T02:02:20.642033-05:00
2026-07-23,13:45,comp_408698,UEFA Conference League,Motherwell,HB Tórshavn,Menos de 2.5 goles,Goles,56.6,,0.184,False,False,True,False,Ganado,Motherwell 2-0 HB Tórshavn,2026-07-21T16:33:28.538367-05:00,2026-07-24T02:02:20.642033-05:00
2026-07-23,13:45,comp_408698,UEFA Conference League,NK Bravo,KF Shkëndija,Menos de 2.5 goles,Goles,73.8,,0.245,False,False,True,False,Perdido,NK Bravo 2-1 KF Shkëndija,2026-07-21T16:33:28.538367-05:00,2026-07-24T02:02:20.642033-05:00
2026-07-23,13:45,comp_408698,UEFA Conference League,NSÍ Runavík,FC Koper,Victoria NSÍ Runavík,1X2,61.0,,0.316,False,False,True,False,Perdido,NSÍ Runavík 0-2 FC Koper,2026-07-21T16:33:28.538367-05:00,2026-07-24T02:02:20.642033-05:00
2026-07-23,13:45,comp_408698,UEFA Conference League,Shelbourne,Nõmme Kalju,Menos de 2.5 goles,Goles,67.2,,0.154,False,False,True,False,Perdido,Shelbourne 5-2 Nõmme Kalju,2026-07-21T16:33:28.538367-05:00,2026-07-24T02:02:20.642033-05:00
2026-07-23,14:00,comp_408698,UEFA Conference League,FK Partizan,Una Strassen,Menos de 2.5 goles,Goles,60.0,,0.2,False,False,True,False,Perdido,FK Partizan 4-0 Una Strassen,2026-07-21T16:33:28.538367-05:00,2026-07-24T02:02:20.642033-05:00
2026-07-23,14:00,comp_408698,UEFA Conference League,Stjarnan Garðabær,Ilves,Victoria Stjarnan Garðabær,1X2,51.8,,0.118,False,False,True,False,Ganado,Stjarnan Garðabær 1-0 Ilves,2026-07-21T16:33:28.538367-05:00,2026-07-24T02:02:20.642033-05:00
2026-07-23,14:15,comp_408698,UEFA Conference League,Valur Reykjavík,HŠK Zrinjski Mostar,Victoria Valur Reykjavík,1X2,54.0,,0.158,False,False,True,False,Ganado,Valur Reykjavík 1-0 HŠK Zrinjski Mostar,2026-07-21T16:33:28.538367-05:00,2026-07-24T02:02:20.642033-05:00
2026-07-23,16:30,comp_1917,LigaPro Serie A Ecuador,Orense SC,Aucas,Más de 2.5 goles,Goles,48.7,,0.037,False,False,True,False,Ganado,Orense SC 2-1 Aucas,2026-07-21T16:33:28.538367-05:00,2026-07-24T02:02:20.642033-05:00
2026-07-23,16:30,comp_1917,LigaPro Serie A Ecuador,Leones del Norte,Guayaquil City,Menos de 2.5 goles,Goles,70.3,,0.036,False,False,True,False,Ganado,Leones del Norte 1-1 Guayaquil City,2026-07-21T16:33:28.538367-05:00,2026-07-24T02:02:20.642033-05:00
2026-07-23,17:00,comp_1615,CONMEBOL Sudamericana,Bolívar,Grêmio,Menos de 2.5 goles,Goles,69.6,,0.211,False,False,True,False,Perdido,Bolívar 3-2 Grêmio,2026-07-21T16:33:28.538367-05:00,2026-07-24T02:02:20.642033-05:00
2026-07-23,17:30,comp_4795,Brasileirão Série A,Corinthians,Remo,Más de 2.5 goles,Goles,51.4,,0.011,False,False,True,False,Ganado,Corinthians 3-0 Remo,2026-07-21T16:33:28.538367-05:00,2026-07-24T02:02:20.642033-05:00
2026-07-23,17:30,comp_4795,Brasileirão Série A,Botafogo,Vitória,Victoria Botafogo,1X2,69.2,,0.124,True,False,True,False,Perdido,Botafogo 0-0 Vitória,2026-07-21T16:33:28.538367-05:00,2026-07-24T02:02:20.642033-05:00
2026-07-23,17:30,comp_4540,Liga Profesional Argentina,Sarmiento,Argentinos Juniors,Menos de 2.5 goles,Goles,76.4,,0.029,False,False,True,False,Perdido,Sarmiento 2-3 Argentinos Juniors,2026-07-21T16:33:28.538367-05:00,2026-07-24T02:02:20.642033-05:00
2026-07-23,17:30,comp_4540,Liga Profesional Argentina,Belgrano,Rosario Central,Menos de 2.5 goles,Goles,82.7,,0.092,False,False,True,False,Perdido,Belgrano 2-1 Rosario Central,2026-07-21T16:33:28.538367-05:00,2026-07-24T02:02:20.642033-05:00
2026-07-23,19:00,comp_1917,LigaPro Serie A Ecuador,Emelec,Mushuc Runa,Menos de 2.5 goles,Goles,62.7,,0.039,False,False,True,False,Ganado,Emelec 1-1 Mushuc Runa,2026-07-21T16:33:28.538367-05:00,2026-07-24T02:02:20.642033-05:00
2026-07-23,19:30,comp_1615,CONMEBOL Sudamericana,Boca Juniors,O'Higgins,Menos de 2.5 goles,Goles,61.3,,0.095,False,False,True,False,Ganado,Boca Juniors 1-0 O'Higgins,2026-07-21T16:33:28.538367-05:00,2026-07-24T02:02:20.642033-05:00
2026-07-23,19:30,comp_1615,CONMEBOL Sudamericana,Independiente Santa Fe,Caracas F.C.,Menos de 2.5 goles,Goles,59.6,,-0.025,False,False,True,False,Ganado,Independiente Santa Fe 2-0 Caracas F.C.,2026-07-21T16:33:28.538367-05:00,2026-07-24T02:02:20.642033-05:00
2026-07-23,19:45,comp_4540,Liga Profesional Argentina,Defensa y Justicia,Aldosivi,Menos de 2.5 goles,Goles,69.6,,0.002,False,False,True,False,Ganado,Defensa y Justicia 1-1 Aldosivi,2026-07-21T16:33:28.538367-05:00,2026-07-24T02:02:20.642033-05:00
2026-07-24,14:45,comp_4540,Liga Profesional Argentina,Gimnasia y Esgrima Mendoza,Central Córdoba,Menos de 2.5 goles,Goles,63.9,,-0.075,False,False,True,False,Ganado,Gimnasia y Esgrima Mendoza 1-0 Central Córdoba,2026-07-21T16:33:28.538367-05:00,2026-07-25T06:27:24.024135-05:00
2026-07-24,17:00,comp_4540,Liga Profesional Argentina,Vélez Sarsfield,Instituto De Córdoba,Victoria Vélez Sarsfield,1X2,56.6,,0.103,False,False,True,False,Ganado,Vélez Sarsfield 1-0 Instituto De Córdoba,2026-07-21T16:33:28.538367-05:00,2026-07-25T06:27:24.024135-05:00
2026-07-24,17:00,comp_4540,Liga Profesional Argentina,Racing Club,Gimnasia y Esgrima,Menos de 2.5 goles,Goles,63.5,,-0.032,False,False,True,False,Perdido,Racing Club 2-1 Gimnasia y Esgrima,2026-07-21T16:33:28.538367-05:00,2026-07-25T06:27:24.024135-05:00
2026-07-24,18:10,comp_720692,Primera A Colombia,Llaneros FC,Deportivo Pereira,Más de 2.5 goles,Goles,45.5,,0.011,False,False,True,False,Perdido,Llaneros FC 1-0 Deportivo Pereira,2026-07-21T16:33:28.538367-05:00,2026-07-25T06:27:24.024135-05:00
2026-07-24,19:15,comp_4540,Liga Profesional Argentina,Platense,Club Atlético Unión de Santa Fe,Menos de 2.5 goles,Goles,63.3,,-0.102,False,False,True,False,Perdido,Platense 2-2 Club Atlético Unión de Santa Fe,2026-07-21T16:33:28.538367-05:00,2026-07-25T06:27:24.024135-05:00
2026-07-21,17:00,comp_1615,Multi-liga,Nacional,Tigre,Combinada: Más de 20.5 tiros (Nacional) + Victoria Cruz Azul (Cruz Azul),Combinada,48.1,2.47,0.188,False,True,False,True,Perdido,Más de 20.5 tiros: Perdido | Victoria Cruz Azul: Ganado,2026-07-21T16:33:28.538367-05:00,2026-07-22T12:00:00.000000-05:00
2026-07-21,17:00,comp_1615,CONMEBOL Sudamericana,Nacional,Tigre,Más de 8.5 córners,Córners,63.5,,0.079,False,False,True,False,Perdido,Nacional 0-3 Tigre (córners: 2-2=4),2026-07-21T16:59:27.983654-05:00,2026-07-22T12:00:00.000000-05:00
2026-07-21,17:30,comp_4795,Brasileirão Série A,Atlético Mineiro,Bahia,Más de 2.5 goles,Goles,53.5,,0.009,False,False,True,False,Perdido,Atlético Mineiro 1-1 Bahia,2026-07-21T16:59:27.983654-05:00,2026-07-22T11:21:25.007611-05:00
2026-07-24,20:30,comp_6981,Liga 1 Perú,Universitario,Cusco FC,Menos de 2.5 goles,Goles,52.7,,0.042,False,False,True,False,Perdido,Universitario 2-1 Cusco FC,2026-07-21T16:59:27.983654-05:00,2026-07-25T06:27:24.024135-05:00
2026-07-24,21:00,comp_298265,Liga MX Apertura,Club Tijuana,Club León,Victoria Club Tijuana,1X2,63.2,,0.144,False,False,True,False,Ganado,Club Tijuana 1-0 Club León,2026-07-21T16:59:27.983654-05:00,2026-07-25T06:27:24.024135-05:00
2026-07-23,08:00,comp_408698,UEFA Conference League,KuPS,Riga FC,Ambos anotan - No,Goles,51.9,,0.001,False,False,True,False,Pendiente,,2026-07-23T06:19:41.225314-05:00,
2026-07-23,09:30,comp_408698,UEFA Conference League,FC Malisheva,Hibernian,Ambos anotan - Sí,Goles,57.6,,0.001,False,False,True,False,Perdido,FC Malisheva 2-0 Hibernian,2026-07-23T06:19:41.225314-05:00,2026-07-23T11:35:56.942936-05:00
2026-07-23,10:00,comp_408698,UEFA Conference League,FK Liepaja,Austria Wien,Ambos anotan - Sí,Goles,55.8,,-0.001,False,False,True,False,Perdido,FK Liepaja 0-2 Austria Wien,2026-07-23T06:19:41.225314-05:00,2026-07-24T02:02:20.642033-05:00
2026-07-23,10:00,comp_408698,UEFA Conference League,FC Alashkert,CFR 1907 Cluj,Más de 2.5 goles,Goles,57.3,,0.147,False,False,True,False,Perdido,FC Alashkert 1-1 CFR 1907 Cluj,2026-07-23T06:19:41.225314-05:00,2026-07-24T02:02:20.642033-05:00
2026-07-23,11:00,comp_408698,UEFA Conference League,Paide Linnameeskond,Zirə FK,1X — Paide Linnameeskond o Empate,Doble Op.,64.6,,-0.073,False,False,True,False,Ganado,Paide Linnameeskond 1-0 Zirə FK,2026-07-23T06:19:41.225314-05:00,2026-07-24T02:02:20.642033-05:00
2026-07-23,11:00,comp_408698,UEFA Conference League,HJK,Coleraine FC,Ambos anotan - No,Goles,61.8,,0.001,False,False,True,False,Ganado,HJK 5-0 Coleraine FC,2026-07-23T06:19:41.225314-05:00,2026-07-24T02:02:20.642033-05:00
2026-07-23,11:30,comp_408698,UEFA Conference League,RFS,IF Vestri,Ambos anotan - No,Goles,59.6,,0.001,False,False,True,False,Perdido,RFS 4-1 IF Vestri,2026-07-23T06:19:41.225314-05:00,2026-07-24T02:02:20.642033-05:00
2026-07-23,11:30,comp_408698,UEFA Conference League,AEK Larnaca,Beitar Jerusalem,Victoria AEK Larnaca,1X2,54.0,,0.062,False,False,True,False,Perdido,AEK Larnaca 0-1 Beitar Jerusalem,2026-07-23T06:19:41.225314-05:00,2026-07-24T02:02:20.642033-05:00
2026-07-23,11:30,comp_408698,UEFA Conference League,Raków Częstochowa,Valletta FC,Ambos anotan - No,Goles,67.3,,0.002,False,False,True,False,Perdido,Raków Częstochowa 3-1 Valletta FC,2026-07-23T06:19:41.225314-05:00,2026-07-24T02:02:20.642033-05:00
2026-07-23,12:00,comp_408698,UEFA Conference League,BATE Borisov,FC Sion,Ambos anotan - No,Goles,65.3,,-0.001,False,False,True,False,Perdido,BATE Borisov 1-1 FC Sion,2026-07-23T06:19:41.225314-05:00,2026-07-24T02:02:20.642033-05:00
2026-07-23,12:00,comp_408698,UEFA Conference League,FC Zimbru Chişinău,FC Noah,Ambos anotan - Sí,Goles,54.4,,0.001,False,False,True,False,Ganado,FC Zimbru Chişinău 1-1 FC Noah,2026-07-23T06:19:41.225314-05:00,2026-07-24T02:02:20.642033-05:00
2026-07-23,12:00,comp_408698,UEFA Conference League,Dinamo Tbilisi,FK Žalgiris,Ambos anotan - No,Goles,51.9,,0.001,False,False,True,False,Ganado,Dinamo Tbilisi 3-0 FK Žalgiris,2026-07-23T06:19:41.225314-05:00,2026-07-24T02:02:20.642033-05:00
2026-07-23,12:00,comp_408698,UEFA Conference League,FC Santa Coloma,SK Rapid Wien,Ambos anotan - Sí,Goles,54.2,,0.001,False,False,True,False,Ganado,FC Santa Coloma 1-3 SK Rapid Wien,2026-07-23T06:19:41.225314-05:00,2026-07-24T02:02:20.642033-05:00
2026-07-23,13:00,comp_408698,UEFA Conference League,Paksi FC,Panathinaikos,Menos de 2.5 goles,Goles,55.9,,0.111,False,False,True,False,Perdido,Paksi FC 1-2 Panathinaikos,2026-07-23T06:19:41.225314-05:00,2026-07-24T02:02:20.642033-05:00
2026-07-23,13:00,comp_408698,UEFA Conference League,Polissya Zhytomyr,FC København,Más de 2.5 goles,Goles,61.2,,0.024,False,False,True,False,Ganado,Polissya Zhytomyr 3-3 FC København,2026-07-23T06:19:41.225314-05:00,2026-07-24T02:02:20.642033-05:00
2026-07-23,13:00,comp_408698,UEFA Conference League,FK Vojvodina,AFC Ajax,Menos de 2.5 goles,Goles,57.2,,0.091,False,False,True,False,Perdido,FK Vojvodina 1-4 AFC Ajax,2026-07-23T06:19:41.225314-05:00,2026-07-24T02:02:20.642033-05:00
2026-07-23,13:45,comp_408698,UEFA Conference League,HNK Rijeka,Derry City,Ambos anotan - No,Goles,70.5,,0.001,False,False,True,False,Ganado,HNK Rijeka 1-0 Derry City,2026-07-23T06:19:41.225314-05:00,2026-07-24T02:02:20.642033-05:00
2026-07-23,16:30,comp_1917,LigaPro Serie A Ecuador,Orense SC,Aucas,Ambos anotan - Sí,Goles,53.0,,0.001,False,False,True,False,Ganado,Orense SC 2-1 Aucas,2026-07-23T06:19:41.225314-05:00,2026-07-24T02:02:20.642033-05:00
2026-07-23,17:30,comp_4795,Brasileirão Série A,Corinthians,Remo,Más de 24.5 tiros,Tiros,67.0,,0.114,False,False,True,False,Perdido,Corinthians 3-0 Remo,2026-07-23T06:19:41.225314-05:00,2026-07-24T02:02:20.642033-05:00
2026-07-23,17:30,comp_4540,Liga Profesional Argentina,Sarmiento,Argentinos Juniors,Más de 5.5 tarjetas,Tarjetas,58.0,,0.034,False,False,True,False,Ganado,Sarmiento 2-3 Argentinos Juniors,2026-07-23T06:19:41.225314-05:00,2026-07-24T02:02:20.642033-05:00
2026-07-24,12:00,comp_7938,Danish Superliga,Viborg FF,Odense Boldklub,Más de 2.5 goles,Goles,70.3,,0.078,True,False,True,False,Perdido,Viborg FF 1-0 Odense Boldklub,2026-07-23T06:19:41.225314-05:00,2026-07-24T14:10:50.470489-05:00
2026-07-24,15:00,comp_6981,Liga 1 Perú,Alianza Atlético de Sullana,Los Chankas CYC,Menos de 2.5 goles,Goles,55.0,,0.018,False,False,True,False,Perdido,Alianza Atlético de Sullana 3-1 Los Chankas CYC,2026-07-23T06:19:41.225314-05:00,2026-07-25T06:27:24.024135-05:00
2026-07-24,19:15,comp_4540,Liga Profesional Argentina,Huracán,Banfield,Menos de 2.5 goles,Goles,68.1,,-0.054,False,False,True,False,Ganado,Huracán 1-0 Banfield,2026-07-23T06:19:41.225314-05:00,2026-07-25T06:27:24.024135-05:00
2026-07-24,20:15,comp_720692,Primera A Colombia,Deportivo Cali,Jaguares de Córdoba,Victoria Deportivo Cali,1X2,61.0,,-0.044,False,False,True,False,Ganado,Deportivo Cali 2-0 Jaguares de Córdoba,2026-07-23T06:19:41.225314-05:00,2026-07-25T06:27:24.024135-05:00
2026-07-24,21:00,comp_298265,Liga MX Apertura,Atlante FC,Club América,Más de 2.5 goles,Goles,55.9,,0.01,False,False,True,False,Perdido,Atlante FC 1-1 Club América,2026-07-23T06:19:41.225314-05:00,2026-07-25T06:27:24.024135-05:00
2026-07-25,09:00,comp_1992,Eliteserien,Kristiansund BK,IK Start,Más de 2.5 goles,Goles,61.8,,0.043,False,False,True,False,Ganado,Kristiansund BK 1-2 IK Start,2026-07-23T06:19:41.225314-05:00,2026-07-26T06:25:07.868887-05:00
2026-07-25,10:30,comp_6981,Liga 1 Perú,Sport Boys,Asociación Deportiva Tarma,Menos de 2.5 goles,Goles,55.9,,0.027,False,False,True,False,Ganado,Sport Boys 2-0 Asociación Deportiva Tarma,2026-07-23T06:19:41.225314-05:00,2026-07-26T06:25:07.868887-05:00
2026-07-25,11:00,comp_7938,Danish Superliga,AGF,Brøndby IF,Victoria AGF,1X2,47.6,,0.037,False,False,True,False,Perdido,AGF 1-1 Brøndby IF,2026-07-23T06:19:41.225314-05:00,2026-07-26T06:25:07.868887-05:00
2026-07-25,12:45,comp_4540,Liga Profesional Argentina,Estudiantes de Río Cuarto,Tigre,Victoria Tigre,1X2,53.9,,0.102,False,False,True,False,Perdido,Estudiantes de Río Cuarto 1-0 Tigre,2026-07-23T06:19:41.225314-05:00,2026-07-26T06:25:07.868887-05:00
2026-07-25,13:00,comp_6981,Liga 1 Perú,Sport Huancayo,Club Atlético Grau,Más de 2.5 goles,Goles,67.0,,0.177,False,False,True,False,Perdido,Sport Huancayo 2-0 Club Atlético Grau,2026-07-23T06:19:41.225314-05:00,2026-07-26T06:25:07.868887-05:00
2026-07-25,14:00,comp_720692,Primera A Colombia,Boyacá Chicó FC,Atlético Nacional,Menos de 2.5 goles,Goles,56.7,,0.008,False,False,True,False,Pendiente,,2026-07-23T06:19:41.225314-05:00,
2026-07-25,15:00,comp_4540,Liga Profesional Argentina,Newell's Old Boys,Talleres,Menos de 2.5 goles,Goles,76.7,,0.073,False,False,True,False,Ganado,Newell's Old Boys 1-0 Talleres,2026-07-23T06:19:41.225314-05:00,2026-07-26T06:25:07.868887-05:00
2026-07-25,15:15,comp_6981,Liga 1 Perú,ADC Juan Pablo II,Cienciano,Menos de 2.5 goles,Goles,58.1,,0.105,False,False,True,False,Ganado,ADC Juan Pablo II 2-0 Cienciano,2026-07-23T06:19:41.225314-05:00,2026-07-26T06:25:07.868887-05:00
2026-07-25,16:05,comp_720692,Primera A Colombia,Independiente Medellín,Deportivo Pasto,Más de 2.5 goles,Goles,48.9,,0.013,False,False,True,False,Ganado,Independiente Medellín 3-2 Deportivo Pasto,2026-07-23T06:19:41.225314-05:00,2026-07-26T06:25:07.868887-05:00
2026-07-25,16:30,comp_4795,Brasileirão Série A,Athletico,Internacional,Más de 2.5 goles,Goles,56.3,,0.122,False,False,True,False,Perdido,Athletico 2-0 Internacional,2026-07-23T06:19:41.225314-05:00,2026-07-26T06:25:07.868887-05:00
2026-07-25,16:30,comp_4795,Brasileirão Série A,Santos,Chapecoense,Más de 2.5 goles,Goles,60.2,,0.01,False,False,True,False,Ganado,Santos 2-2 Chapecoense,2026-07-23T06:19:41.225314-05:00,2026-07-26T06:25:07.868887-05:00
2026-07-25,17:15,comp_4540,Liga Profesional Argentina,River Plate,Barracas Central,Menos de 2.5 goles,Goles,64.3,,0.051,False,False,True,False,Ganado,River Plate 0-1 Barracas Central,2026-07-23T06:19:41.225314-05:00,2026-07-26T06:25:07.868887-05:00
2026-07-25,17:30,comp_9799,MLS,New York Red Bulls,Charlotte FC,Menos de 2.5 goles,Goles,52.7,,0.11,False,False,True,False,Pendiente,,2026-07-23T06:19:41.225314-05:00,
2026-07-25,18:07,comp_298265,Liga MX Apertura,CD Guadalajara,FC Juárez,Más de 2.5 goles,Goles,59.5,,-0.03,False,False,True,False,Pendiente,,2026-07-23T06:19:41.225314-05:00,
2026-07-25,18:10,comp_720692,Primera A Colombia,Millonarios,Atlético Bucaramanga,Menos de 2.5 goles,Goles,58.1,,-0.04,False,False,True,False,Ganado,Millonarios 0-1 Atlético Bucaramanga,2026-07-23T06:19:41.225314-05:00,2026-07-26T06:25:07.868887-05:00
2026-07-25,18:15,comp_9799,MLS,Columbus Crew,FC Cincinnati,Más de 2.5 goles,Goles,57.4,,-0.14,False,False,True,False,Pendiente,,2026-07-23T06:19:41.225314-05:00,
2026-07-25,18:30,comp_9799,MLS,DC United,Toronto FC,Más de 2.5 goles,Goles,51.6,,-0.01,False,False,True,False,Pendiente,,2026-07-23T06:19:41.225314-05:00,
2026-07-25,18:30,comp_9799,MLS,New England Revolution,Atlanta United,Más de 2.5 goles,Goles,63.7,,0.066,False,False,True,False,Pendiente,,2026-07-23T06:19:41.225314-05:00,
2026-07-25,18:30,comp_9799,MLS,New York City FC,Chicago Fire,Más de 2.5 goles,Goles,72.2,,0.12,False,False,True,False,Pendiente,,2026-07-23T06:19:41.225314-05:00,
2026-07-25,18:30,comp_9799,MLS,CF Montréal,Inter Miami CF,Más de 2.5 goles,Goles,75.7,,0.043,False,False,True,False,Pendiente,,2026-07-23T06:19:41.225314-05:00,
2026-07-25,18:30,comp_9799,MLS,Orlando City SC,Nashville SC,Más de 2.5 goles,Goles,79.6,,0.175,True,False,True,False,Pendiente,,2026-07-23T06:19:41.225314-05:00,
2026-07-25,18:30,comp_4795,Brasileirão Série A,Vasco da Gama,Mirassol,Más de 2.5 goles,Goles,62.2,,0.144,False,False,True,False,Perdido,Vasco da Gama 1-1 Mirassol,2026-07-23T06:19:41.225314-05:00,2026-07-26T06:25:07.868887-05:00
2026-07-25,18:30,comp_9799,MLS,Philadelphia Union,Seattle Sounders FC,Más de 2.5 goles,Goles,63.8,,0.017,False,False,True,False,Pendiente,,2026-07-23T06:19:41.225314-05:00,
2026-07-25,19:00,comp_1917,LigaPro Serie A Ecuador,Técnico Universitario,Manta FC,Menos de 2.5 goles,Goles,57.9,,-0.088,False,False,True,False,Pendiente,,2026-07-23T06:19:41.225314-05:00,
2026-07-25,19:30,comp_9799,MLS,St.Louis City,Colorado Rapids,Más de 2.5 goles,Goles,71.3,,0.076,False,False,True,False,Pendiente,,2026-07-23T06:19:41.225314-05:00,
2026-07-25,19:30,comp_4540,Liga Profesional Argentina,Lanús,San Lorenzo,Menos de 2.5 goles,Goles,81.2,,0.06,False,False,True,False,Ganado,Lanús 1-0 San Lorenzo,2026-07-23T06:19:41.225314-05:00,2026-07-26T06:25:07.868887-05:00
2026-07-25,19:30,comp_9799,MLS,Houston Dynamo,Austin FC,Más de 2.5 goles,Goles,75.2,,0.171,False,False,True,False,Pendiente,,2026-07-23T06:19:41.225314-05:00,
2026-07-25,19:30,comp_9799,MLS,Minnesota United,Vancouver Whitecaps,Más de 2.5 goles,Goles,64.3,,0.022,False,False,True,False,Pendiente,,2026-07-23T06:19:41.225314-05:00,
2026-07-25,20:00,comp_6981,Liga 1 Perú,Melgar,Club Sporting Cristal,Menos de 2.5 goles,Goles,53.7,,0.063,False,False,True,False,Perdido,Melgar 2-1 Club Sporting Cristal,2026-07-23T06:19:41.225314-05:00,2026-07-26T06:25:07.868887-05:00
2026-07-25,20:15,comp_720692,Primera A Colombia,Deportes Tolima,Junior Barranquilla,Victoria Deportes Tolima,1X2,57.4,,0.107,False,False,True,False,Ganado,Deportes Tolima 2-1 Junior Barranquilla,2026-07-23T06:19:41.225314-05:00,2026-07-26T06:25:07.868887-05:00
2026-07-25,20:30,comp_9799,MLS,San Diego FC,FC Dallas,Victoria San Diego FC,1X2,48.5,,0.009,False,False,True,False,Pendiente,,2026-07-23T06:19:41.225314-05:00,
2026-07-25,21:30,comp_9799,MLS,San Jose Earthquakes,LA Galaxy,Más de 2.5 goles,Goles,65.8,,-0.036,False,False,True,False,Pendiente,,2026-07-23T06:19:41.225314-05:00,
2026-07-25,21:30,comp_9799,MLS,Portland Timbers,Real Salt Lake,Victoria Portland Timbers,1X2,46.8,,0.056,False,False,True,False,Pendiente,,2026-07-23T06:19:41.225314-05:00,
2026-07-25,21:30,comp_9799,MLS,Los Angeles FC,Sporting Kansas City,Victoria Los Angeles FC,1X2,74.4,,-0.076,False,False,True,False,Pendiente,,2026-07-23T06:19:41.225314-05:00,
2026-07-25,22:00,comp_298265,Liga MX Apertura,Tigres UANL,Atlético San Luis,Más de 2.5 goles,Goles,65.7,,0.036,False,False,True,False,Ganado,Tigres UANL 2-2 Atlético San Luis,2026-07-23T06:19:41.225314-05:00,2026-07-26T06:25:07.868887-05:00
2026-07-25,22:00,comp_298265,Liga MX Apertura,Santos Laguna,Atlas FC,Victoria Santos Laguna,1X2,51.1,,0.125,False,False,True,False,Perdido,Santos Laguna 0-1 Atlas FC,2026-07-23T06:19:41.225314-05:00,2026-07-26T06:25:07.868887-05:00
2026-07-23,13:00,comp_408698,UEFA Conference League,Paksi FC,Panathinaikos,Más de 8.5 córners,Córners,67.2,1.6,0.047,True,False,False,False,Ganado,Paksi FC 1-2 Panathinaikos,2026-07-23T06:19:41.225314-05:00,2026-07-24T02:02:20.642033-05:00
2026-07-23,17:30,comp_4540,Multi-liga,Belgrano,Rosario Central,Combinada: Menos de 2.5 goles (Belgrano) + Menos de 2.5 goles (Sarmiento),Combinada,63.2,1.85,0.169,False,True,False,True,Perdido,Menos de 2.5 goles: Perdido | Menos de 2.5 goles: Perdido,2026-07-23T06:19:41.225314-05:00,2026-07-24T02:02:20.642033-05:00
2026-07-23,12:00,comp_408698,UEFA Conference League,GAIS,FC Nordsjælland,Menos de 2.5 goles,Goles,63.3,,0.12,False,False,True,False,Ganado,GAIS 1-0 FC Nordsjælland,2026-07-23T11:35:57.760225-05:00,2026-07-24T02:02:20.642033-05:00
2026-07-23,12:45,comp_408698,UEFA Conference League,FCSB,FK Auda,Ambos anotan - No,Goles,61.9,,0.002,False,False,True,False,Perdido,FCSB 2-3 FK Auda,2026-07-23T11:35:57.760225-05:00,2026-07-24T02:02:20.642033-05:00
2026-07-23,14:15,comp_408698,UEFA Conference League,Valur Reykjavík,HŠK Zrinjski Mostar,Ambos anotan - Sí,Goles,53.3,,0.001,False,False,True,False,Perdido,Valur Reykjavík 1-0 HŠK Zrinjski Mostar,2026-07-23T11:35:57.760225-05:00,2026-07-24T02:02:20.642033-05:00
2026-07-23,19:30,comp_1615,CONMEBOL Sudamericana,Independiente Santa Fe,Caracas F.C.,X2 — Empate o Caracas F.C.,Doble Op.,62.8,,-0.071,False,False,True,False,Perdido,Independiente Santa Fe 2-0 Caracas F.C.,2026-07-23T11:35:57.760225-05:00,2026-07-24T02:02:20.642033-05:00
2026-07-24,20:15,comp_720692,Primera A Colombia,Deportivo Cali,Jaguares de Córdoba,Más de 2.5 goles,Goles,45.2,,0.013,False,False,True,False,Perdido,Deportivo Cali 2-0 Jaguares de Córdoba,2026-07-23T11:35:57.760225-05:00,2026-07-25T06:27:24.024135-05:00
2026-07-26,10:00,comp_1992,Eliteserien,Sarpsborg 08,HamKam,Más de 2.5 goles,Goles,65.3,,0.016,False,False,True,False,Pendiente,,2026-07-23T11:35:57.760225-05:00,
2026-07-26,13:15,comp_1917,LigaPro Serie A Ecuador,Aucas,Macará,Más de 2.5 goles,Goles,52.7,,0.051,False,False,True,False,Pendiente,,2026-07-23T11:35:57.760225-05:00,
2026-07-26,13:15,comp_1917,LigaPro Serie A Ecuador,Delfín,Leones del Norte,Menos de 2.5 goles,Goles,65.3,,-0.077,True,False,True,False,Pendiente,,2026-07-23T11:35:57.760225-05:00,
2026-07-26,15:15,comp_4540,Liga Profesional Argentina,Estudiantes de La Plata,CA Independiente,Menos de 2.5 goles,Goles,76.5,,0.051,False,False,True,False,Pendiente,,2026-07-23T11:35:57.760225-05:00,
2026-07-26,15:45,comp_1917,LigaPro Serie A Ecuador,Orense SC,Independiente del Valle,Menos de 2.5 goles,Goles,64.9,,0.068,False,False,True,False,Pendiente,,2026-07-23T11:35:57.760225-05:00,
2026-07-26,16:05,comp_720692,Primera A Colombia,Rionegro Águilas Doradas,Independiente Santa Fe,Victoria Rionegro Águilas Doradas,1X2,49.7,,0.14,False,False,True,False,Pendiente,,2026-07-23T11:35:57.760225-05:00,
2026-07-26,18:10,comp_720692,Primera A Colombia,Alianza Valledupar FC,Fortaleza CEIF,Menos de 2.5 goles,Goles,63.2,,-0.005,False,False,True,False,Pendiente,,2026-07-23T11:35:57.760225-05:00,
2026-07-26,19:15,comp_1917,LigaPro Serie A Ecuador,Barcelona SC,LDU,Más de 2.5 goles,Goles,46.2,,0.014,False,False,True,False,Pendiente,,2026-07-23T11:35:57.760225-05:00,
2026-07-26,20:15,comp_720692,Primera A Colombia,Once Caldas,Cúcuta Deportivo,Más de 2.5 goles,Goles,64.2,,0.096,False,False,True,False,Pendiente,,2026-07-23T11:35:57.760225-05:00,
2026-07-24,14:45,comp_4540,Liga Profesional Argentina,Gimnasia y Esgrima Mendoza,Central Córdoba,Más de 23.5 tiros,Tiros,55.8,,0.034,False,False,True,False,Ganado,Gimnasia y Esgrima Mendoza 1-0 Central Córdoba,2026-07-24T02:02:21.513831-05:00,2026-07-25T06:27:24.024135-05:00
2026-07-24,17:00,comp_4540,Liga Profesional Argentina,Racing Club,Gimnasia y Esgrima,Más de 8.5 córners,Córners,72.8,,0.153,True,False,True,False,Perdido,Racing Club 2-1 Gimnasia y Esgrima,2026-07-24T02:02:21.513831-05:00,2026-07-25T06:27:24.024135-05:00
2026-07-24,18:10,comp_720692,Primera A Colombia,Llaneros FC,Deportivo Pereira,Victoria Llaneros FC,1X2,62.9,,0.023,False,False,True,False,Ganado,Llaneros FC 1-0 Deportivo Pereira,2026-07-24T02:02:21.513831-05:00,2026-07-25T06:27:24.024135-05:00
2026-07-24,19:15,comp_4540,Liga Profesional Argentina,Platense,Club Atlético Unión de Santa Fe,X2 — Empate o Club Atlético Unión de Santa Fe,Doble Op.,65.9,,-0.071,False,False,True,False,Ganado,Platense 2-2 Club Atlético Unión de Santa Fe,2026-07-24T02:02:21.513831-05:00,2026-07-25T06:27:24.024135-05:00
2026-07-24,19:15,comp_4540,Liga Profesional Argentina,Huracán,Banfield,Más de 23.5 tiros,Tiros,64.3,,0.143,False,False,True,False,Ganado,Huracán 1-0 Banfield,2026-07-24T02:02:21.513831-05:00,2026-07-25T06:27:24.024135-05:00
2026-07-24,20:15,comp_720692,Primera A Colombia,Deportivo Cali,Jaguares de Córdoba,Más de 8.5 córners,Córners,65.9,,0.081,False,False,True,False,Ganado,Deportivo Cali 2-0 Jaguares de Córdoba,2026-07-24T02:02:21.513831-05:00,2026-07-25T06:27:24.024135-05:00
2026-07-24,20:30,comp_6981,Liga 1 Perú,Universitario,Cusco FC,Más de 8.5 córners,Córners,68.1,,0.103,False,False,True,False,Perdido,Universitario 2-1 Cusco FC,2026-07-24T02:02:21.513831-05:00,2026-07-25T06:27:24.024135-05:00
2026-07-24,22:00,comp_298265,Liga MX Apertura,Atlante FC,Club América,Más de 8.5 córners,Córners,71.6,,0.075,False,False,True,False,Ganado,Atlante FC 1-1 Club América,2026-07-24T02:02:21.513831-05:00,2026-07-25T06:27:24.024135-05:00
2026-07-24,22:00,comp_298265,Liga MX Apertura,Club Tijuana,Club León,Más de 8.5 tiros al arco,Tiros,64.6,,0.122,False,False,True,False,Perdido,Club Tijuana 1-0 Club León,2026-07-24T02:02:21.513831-05:00,2026-07-25T06:27:24.024135-05:00
2026-07-26,07:00,comp_7938,Danish Superliga,Sønderjyske Fodbold,FC Midtjylland,Más de 2.5 goles,Goles,63.3,,-0.034,False,False,True,False,Pendiente,,2026-07-24T02:02:21.513831-05:00,
2026-07-26,07:30,comp_1992,Eliteserien,SK Brann,Vålerenga IF,Más de 2.5 goles,Goles,74.8,,0.054,False,False,True,False,Pendiente,,2026-07-24T02:02:21.513831-05:00,
2026-07-26,09:00,comp_7938,Danish Superliga,FC København,Lyngby,Menos de 2.5 goles,Goles,69.2,,0.0,False,False,True,False,Pendiente,,2026-07-24T02:02:21.513831-05:00,
2026-07-26,10:00,comp_1992,Eliteserien,Sandefjord Fotball,Bodø/Glimt,Más de 2.5 goles,Goles,67.9,,-0.056,False,False,True,False,Pendiente,,2026-07-24T02:02:21.513831-05:00,
2026-07-26,10:00,comp_1992,Eliteserien,KFUM Oslo,Molde FK,Victoria KFUM Oslo,1X2,45.2,,0.123,False,False,True,False,Pendiente,,2026-07-24T02:02:21.513831-05:00,
2026-07-26,11:00,comp_7938,Danish Superliga,AC Horsens,FC Nordsjælland,Menos de 2.5 goles,Goles,67.8,,0.223,False,False,True,False,Pendiente,,2026-07-24T02:02:21.513831-05:00,
2026-07-26,12:15,comp_1992,Eliteserien,Aalesunds FK,Viking FK,Más de 2.5 goles,Goles,73.6,,0.022,False,False,True,False,Pendiente,,2026-07-24T02:02:21.513831-05:00,
2026-07-26,13:00,comp_4540,Liga Profesional Argentina,Atlético Tucumán,Independiente Rivadavia,Más de 2.5 goles,Goles,46.1,,0.03,False,False,True,False,Pendiente,,2026-07-24T02:02:21.513831-05:00,
2026-07-26,13:00,comp_6981,Liga 1 Perú,Universidad Técnica de Cajamarca,CD Moquegua,Menos de 2.5 goles,Goles,50.8,,-0.01,False,False,True,False,Pendiente,,2026-07-24T02:02:21.513831-05:00,
2026-07-26,14:00,comp_4795,Brasileirão Série A,Bahia,Corinthians,Victoria Bahia,1X2,50.3,,0.034,False,False,True,False,Pendiente,,2026-07-24T02:02:21.513831-05:00,
2026-07-26,14:00,comp_4795,Brasileirão Série A,Cruzeiro,Botafogo,Menos de 2.5 goles,Goles,59.0,,0.082,False,False,True,False,Pendiente,,2026-07-24T02:02:21.513831-05:00,
2026-07-26,14:00,comp_720692,Primera A Colombia,Internacional de Bogotá,América de Cali,Menos de 2.5 goles,Goles,56.9,,-0.033,False,False,True,False,Pendiente,,2026-07-24T02:02:21.513831-05:00,
2026-07-26,15:30,comp_6981,Liga 1 Perú,Comerciantes Unidos,Alianza Lima,Más de 2.5 goles,Goles,56.0,,0.143,False,False,True,False,Pendiente,,2026-07-24T02:02:21.513831-05:00,
2026-07-26,16:30,comp_4795,Brasileirão Série A,Flamengo,São Paulo,Menos de 2.5 goles,Goles,72.6,,0.208,False,False,True,False,Pendiente,,2026-07-24T02:02:21.513831-05:00,
2026-07-26,16:30,comp_4795,Brasileirão Série A,Red Bull Bragantino,Coritiba,Más de 2.5 goles,Goles,62.9,,0.129,False,False,True,False,Pendiente,,2026-07-24T02:02:21.513831-05:00,
2026-07-26,16:30,comp_4795,Brasileirão Série A,Grêmio,Fluminense,Victoria Grêmio,1X2,50.8,,0.129,False,False,True,False,Pendiente,,2026-07-24T02:02:21.513831-05:00,
2026-07-26,17:30,comp_4540,Liga Profesional Argentina,Deportivo Riestra,Boca Juniors,Menos de 2.5 goles,Goles,57.5,,-0.177,False,False,True,False,Pendiente,,2026-07-24T02:02:21.513831-05:00,
2026-07-26,17:30,comp_4795,Brasileirão Série A,Remo,Vitória,Más de 2.5 goles,Goles,62.4,,0.131,False,False,True,False,Pendiente,,2026-07-24T02:02:21.513831-05:00,
2026-07-26,17:30,comp_4795,Brasileirão Série A,Palmeiras,Atlético Mineiro,Más de 2.5 goles,Goles,56.7,,0.069,False,False,True,False,Pendiente,,2026-07-24T02:02:21.513831-05:00,
2026-07-26,18:00,comp_298265,Liga MX Apertura,Club Necaxa,CF Monterrey,Más de 2.5 goles,Goles,65.8,,0.021,True,False,True,False,Pendiente,,2026-07-24T02:02:21.513831-05:00,
2026-07-26,19:00,comp_6981,Liga 1 Perú,Deportivo Garcilaso,FC Cajamarca,Más de 2.5 goles,Goles,61.4,,0.114,False,False,True,False,Pendiente,,2026-07-24T02:02:21.513831-05:00,
2026-07-26,20:00,comp_298265,Liga MX Apertura,CF Pachuca,Querétaro FC,Menos de 2.5 goles,Goles,52.9,,0.072,False,False,True,False,Pendiente,,2026-07-24T02:02:21.513831-05:00,
2026-07-27,12:00,comp_1992,Eliteserien,Rosenborg BK,Fredrikstad FK,Menos de 2.5 goles,Goles,50.3,,0.025,False,False,True,False,Pendiente,,2026-07-24T02:02:21.513831-05:00,
2026-07-27,12:00,comp_7938,Danish Superliga,Randers FC,Silkeborg IF,Menos de 2.5 goles,Goles,48.9,,0.034,False,False,True,False,Pendiente,,2026-07-24T02:02:21.513831-05:00,
2026-07-27,14:00,comp_1917,LigaPro Serie A Ecuador,Mushuc Runa,Libertad,Menos de 2.5 goles,Goles,63.7,,0.108,False,False,True,False,Pendiente,,2026-07-24T02:02:21.513831-05:00,
2026-07-27,16:30,comp_1917,LigaPro Serie A Ecuador,Guayaquil City,Universidad Católica del Ecuador,Menos de 2.5 goles,Goles,53.3,,-0.042,False,False,True,False,Pendiente,,2026-07-24T02:02:21.513831-05:00,
2026-07-27,19:00,comp_1917,LigaPro Serie A Ecuador,Deportivo Cuenca,Emelec,Menos de 2.5 goles,Goles,62.0,,-0.017,False,False,True,False,Pendiente,,2026-07-24T02:02:21.513831-05:00,
2026-07-28,08:00,comp_3498,UEFA Champions League,FK Vardar Skopje,Sabah FK,Menos de 2.5 goles,Goles,51.3,,0.0,False,False,True,False,Pendiente,,2026-07-24T02:02:21.513831-05:00,
2026-07-28,10:00,comp_3498,UEFA Champions League,KuPS,Sabah FK,Menos de 2.5 goles,Goles,65.2,,0.0,False,False,True,False,Pendiente,,2026-07-24T02:02:21.513831-05:00,
2026-07-28,11:00,comp_3498,UEFA Champions League,Lincoln Red Imps,Mjällby AIF,Menos de 2.5 goles,Goles,71.0,,0.0,False,False,True,False,Pendiente,,2026-07-24T02:02:21.513831-05:00,
2026-07-28,12:00,comp_408698,UEFA Conference League,Apollon Limassol,FC Dila Gori,Menos de 2.5 goles,Goles,63.5,,0.191,False,False,True,False,Pendiente,,2026-07-24T02:02:21.513831-05:00,
2026-07-28,12:00,comp_408698,UEFA Conference League,Riga FC,FK Vardar Skopje,Más de 2.5 goles,Goles,58.5,,-0.052,False,False,True,False,Pendiente,,2026-07-24T02:02:21.513831-05:00,
2026-07-28,12:30,comp_408698,UEFA Conference League,FC CSKA 1948 Sofia,FC Spartak Trnava,Menos de 2.5 goles,Goles,60.6,,0.028,False,False,True,False,Pendiente,,2026-07-24T02:02:21.513831-05:00,
2026-07-28,13:00,comp_3498,UEFA Champions League,GNK Dinamo Zagreb,FC Thun,Menos de 2.5 goles,Goles,90.0,,0.424,False,False,True,False,Pendiente,,2026-07-24T02:02:21.513831-05:00,
2026-07-28,13:00,comp_408698,UEFA Conference League,FC Drita,Floriana FC,Más de 2.5 goles,Goles,54.7,,-0.031,False,False,True,False,Pendiente,,2026-07-24T02:02:21.513831-05:00,
2026-07-28,13:15,comp_3498,UEFA Champions League,NK Celje,KF Egnatia,Menos de 2.5 goles,Goles,49.5,,0.019,False,False,True,False,Pendiente,,2026-07-24T02:02:21.513831-05:00,
2026-07-28,13:45,comp_3498,UEFA Champions League,Heart of Midlothian,SK Sturm Graz,Victoria Heart of Midlothian,1X2,65.0,,0.0,False,False,True,False,Pendiente,,2026-07-24T02:02:21.513831-05:00,
2026-07-28,14:00,comp_3498,UEFA Champions League,Shamrock Rovers,FC Ararat-Armenia,Menos de 2.5 goles,Goles,49.6,,0.02,False,False,True,False,Pendiente,,2026-07-24T02:02:21.513831-05:00,
2026-07-28,17:00,comp_4540,Liga Profesional Argentina,Banfield,Sarmiento,Menos de 2.5 goles,Goles,66.1,,-0.053,False,False,True,False,Pendiente,,2026-07-24T02:02:21.513831-05:00,
2026-07-28,17:00,comp_4540,Liga Profesional Argentina,San Lorenzo,Gimnasia y Esgrima Mendoza,Menos de 2.5 goles,Goles,69.9,,-0.036,False,False,True,False,Pendiente,,2026-07-24T02:02:21.513831-05:00,
2026-07-28,19:15,comp_4540,Liga Profesional Argentina,Argentinos Juniors,Estudiantes de Río Cuarto,Menos de 2.5 goles,Goles,68.8,,0.034,False,False,True,False,Pendiente,,2026-07-24T02:02:21.513831-05:00,
2026-07-28,19:15,comp_4540,Liga Profesional Argentina,Rosario Central,Racing Club,Victoria Rosario Central,1X2,50.9,,0.065,False,False,True,False,Pendiente,,2026-07-24T02:02:21.513831-05:00,
2026-07-28,19:30,comp_1615,CONMEBOL Sudamericana,Santos,Universidad Central,Más de 2.5 goles,Goles,50.3,,0.0,False,False,True,False,Pendiente,,2026-07-24T02:02:21.513831-05:00,
2026-07-24,17:00,comp_4540,Liga Profesional Argentina,Vélez Sarsfield,Instituto De Córdoba,Más de 4.5 tarjetas,Tarjetas,71.0,1.67,0.111,True,False,True,False,Perdido,Vélez Sarsfield 1-0 Instituto De Córdoba,2026-07-24T02:02:21.513831-05:00,2026-07-25T06:27:24.024135-05:00
2026-07-24,17:00,comp_4540,Multi-liga,Racing Club,Gimnasia y Esgrima,Combinada: Más de 8.5 córners (Racing Club) + Más de 8.5 córners (Atlante FC),Combinada,52.1,2.71,0.412,False,False,False,True,Perdido,Más de 8.5 córners: Perdido | Más de 8.5 córners: Ganado,2026-07-24T02:02:21.513831-05:00,2026-07-25T06:27:24.024135-05:00
2026-07-28,12:30,comp_408698,UEFA Conference League,FC CSKA 1948 Sofia,FC Spartak Trnava,Más de 2.5 goles,Goles,52.9,,0.029,False,False,True,False,Pendiente,,2026-07-24T06:22:38.037322-05:00,
2026-07-24,14:45,comp_4540,Liga Profesional Argentina,Gimnasia y Esgrima Mendoza,Central Córdoba,Más de 8.5 córners,Córners,58.2,,0.026,False,False,True,False,Perdido,Gimnasia y Esgrima Mendoza 1-0 Central Córdoba,2026-07-24T07:27:41.428885-05:00,2026-07-25T06:27:24.024135-05:00
2026-07-24,19:15,comp_4540,Liga Profesional Argentina,Huracán,Banfield,Más de 22.5 tiros,Tiros,71.6,,0.138,True,False,True,False,Ganado,Huracán 1-0 Banfield,2026-07-24T10:27:47.995479-05:00,2026-07-25T06:27:24.024135-05:00
2026-07-24,17:00,comp_4540,Multi-liga,Racing Club,Gimnasia y Esgrima,Combinada: Más de 8.5 córners (Racing Club) + Más de 22.5 tiros (Huracán),Combinada,52.1,3.03,0.579,False,True,False,True,Perdido,Más de 8.5 córners: Perdido | Más de 22.5 tiros: Ganado,2026-07-24T10:27:47.995479-05:00,2026-07-25T06:27:24.024135-05:00
2026-07-24,17:00,comp_4540,Liga Profesional Argentina,Racing Club,Gimnasia y Esgrima,Más de 9.5 córners,Córners,61.2,,0.285,False,False,True,False,Perdido,Racing Club 2-1 Gimnasia y Esgrima,2026-07-24T12:49:44.633168-05:00,2026-07-25T06:27:24.024135-05:00
2026-07-28,17:00,comp_1615,CONMEBOL Sudamericana,Tigre,Nacional,Menos de 2.5 goles,Goles,62.7,,0.103,False,False,True,False,Pendiente,,2026-07-24T12:49:44.633168-05:00,
2026-07-25,11:00,comp_7938,Danish Superliga,AGF,Brøndby IF,Ambos anotan - Sí,Goles,52.8,,-0.002,False,False,True,False,Ganado,AGF 1-1 Brøndby IF,2026-07-25T06:27:25.018045-05:00,2026-07-26T06:25:07.868887-05:00
2026-07-25,16:05,comp_720692,Primera A Colombia,Independiente Medellín,Deportivo Pasto,Ambos anotan - Sí,Goles,53.0,,0.002,False,False,True,False,Ganado,Independiente Medellín 3-2 Deportivo Pasto,2026-07-25T06:27:25.018045-05:00,2026-07-26T06:25:07.868887-05:00
2026-07-25,16:30,comp_4795,Brasileirão Série A,Santos,Chapecoense,Más de 27.5 tiros,Tiros,61.7,,0.129,False,False,True,False,Perdido,Santos 2-2 Chapecoense,2026-07-25T06:27:25.018045-05:00,2026-07-26T06:25:07.868887-05:00
2026-07-25,17:15,comp_4540,Liga Profesional Argentina,River Plate,Barracas Central,Más de 5.5 tarjetas,Tarjetas,57.9,,0.158,False,False,True,False,Ganado,River Plate 0-1 Barracas Central,2026-07-25T06:27:25.018045-05:00,2026-07-26T06:25:07.868887-05:00
2026-07-25,18:07,comp_298265,Liga MX Apertura,CD Guadalajara,FC Juárez,Ambos anotan - Sí,Goles,59.3,,0.002,False,False,True,False,Pendiente,,2026-07-25T06:27:25.018045-05:00,
2026-07-25,18:10,comp_720692,Primera A Colombia,Millonarios,Atlético Bucaramanga,Ambos anotan - No,Goles,52.7,,0.001,False,False,True,False,Ganado,Millonarios 0-1 Atlético Bucaramanga,2026-07-25T06:27:25.018045-05:00,2026-07-26T06:25:07.868887-05:00
2026-07-25,18:15,comp_9799,MLS,Columbus Crew,FC Cincinnati,Más de 8.5 córners,Córners,65.6,,-0.055,False,False,True,False,Pendiente,,2026-07-25T06:27:25.018045-05:00,
2026-07-25,18:30,comp_9799,MLS,New York City FC,Chicago Fire,Victoria New York City FC,1X2,51.9,,0.329,False,False,True,False,Pendiente,,2026-07-25T06:27:25.018045-05:00,
2026-07-25,18:30,comp_9799,MLS,DC United,Toronto FC,Más de 9.5 córners,Córners,69.4,,0.201,False,False,True,False,Pendiente,,2026-07-25T06:27:25.018045-05:00,
2026-07-25,19:00,comp_1917,LigaPro Serie A Ecuador,Técnico Universitario,Manta FC,Más de 8.5 córners,Córners,59.7,,-0.158,False,False,True,False,Pendiente,,2026-07-25T06:27:25.018045-05:00,
2026-07-25,19:30,comp_9799,MLS,St.Louis City,Colorado Rapids,Más de 9.5 córners,Córners,69.0,,0.194,False,False,True,False,Pendiente,,2026-07-25T06:27:25.018045-05:00,
2026-07-25,20:30,comp_9799,MLS,San Diego FC,FC Dallas,Más de 8.5 córners,Córners,66.9,,0.004,False,False,True,False,Pendiente,,2026-07-25T06:27:25.018045-05:00,
2026-07-25,21:30,comp_9799,MLS,San Jose Earthquakes,LA Galaxy,Más de 9.5 córners,Córners,73.5,,0.103,True,False,True,False,Pendiente,,2026-07-25T06:27:25.018045-05:00,
2026-07-25,21:30,comp_9799,MLS,Portland Timbers,Real Salt Lake,Más de 9.5 córners,Córners,60.3,,0.043,False,False,True,False,Pendiente,,2026-07-25T06:27:25.018045-05:00,
2026-07-25,21:30,comp_9799,MLS,Los Angeles FC,Sporting Kansas City,Ambos anotan - Sí,Goles,51.9,,0.002,False,False,True,False,Pendiente,,2026-07-25T06:27:25.018045-05:00,
2026-07-25,22:00,comp_298265,Liga MX Apertura,Tigres UANL,Atlético San Luis,Más de 26.5 tiros,Tiros,56.1,,0.072,False,False,True,False,Ganado,Tigres UANL 2-2 Atlético San Luis,2026-07-25T06:27:25.018045-05:00,2026-07-26T06:25:07.868887-05:00
2026-07-29,09:30,comp_408698,UEFA Conference League,Dukagjini,FC Lugano,Victoria Dukagjini,1X2,48.6,,0.275,False,False,True,False,Pendiente,,2026-07-25T06:27:25.018045-05:00,
2026-07-29,10:00,comp_3498,UEFA Champions League,Kairat Almaty,Omonia Nicosia,Menos de 2.5 goles,Goles,66.5,,0.066,False,False,True,False,Pendiente,,2026-07-25T06:27:25.018045-05:00,
2026-07-29,11:00,comp_3498,UEFA Champions League,FK Kauno Žalgiris,Klaksvíkar Ítróttarfelag,Menos de 2.5 goles,Goles,59.7,,0.048,False,False,True,False,Pendiente,,2026-07-25T06:27:25.018045-05:00,
2026-07-29,12:00,comp_3498,UEFA Champions League,Lech Poznań,AGF,Más de 2.5 goles,Goles,54.0,,-0.031,False,False,True,False,Pendiente,,2026-07-25T06:27:25.018045-05:00,
2026-07-29,12:30,comp_4540,Liga Profesional Argentina,Barracas Central,Aldosivi,Menos de 2.5 goles,Goles,69.5,,-0.019,False,False,True,False,Pendiente,,2026-07-25T06:27:25.018045-05:00,
2026-07-29,12:30,comp_3498,UEFA Champions League,Universitatea Craiova,Levski Sofia,Menos de 2.5 goles,Goles,51.5,,-0.05,False,False,True,False,Pendiente,,2026-07-25T06:27:25.018045-05:00,
2026-07-29,13:00,comp_4795,Brasileirão Série A,São Paulo,Santos,Victoria São Paulo,1X2,57.1,,0.061,False,False,True,False,Pendiente,,2026-07-25T06:27:25.018045-05:00,
2026-07-29,13:00,comp_3498,UEFA Champions League,FK Crvena zvezda,Larne FC,Menos de 2.5 goles,Goles,57.1,,0.277,False,False,True,False,Pendiente,,2026-07-25T06:27:25.018045-05:00,
2026-07-29,15:00,comp_4540,Liga Profesional Argentina,Defensa y Justicia,Deportivo Riestra,Menos de 2.5 goles,Goles,63.5,,-0.079,False,False,True,False,Pendiente,,2026-07-25T06:27:25.018045-05:00,
2026-07-29,17:15,comp_4540,Liga Profesional Argentina,Gimnasia y Esgrima,River Plate,Menos de 2.5 goles,Goles,65.4,,-0.022,False,False,True,False,Pendiente,,2026-07-25T06:27:25.018045-05:00,
2026-07-29,19:30,comp_4540,Liga Profesional Argentina,Instituto De Córdoba,Platense,Menos de 2.5 goles,Goles,66.2,,-0.052,False,False,True,False,Pendiente,,2026-07-25T06:27:25.018045-05:00,
2026-07-25,16:30,comp_4795,Brasileirão Série A,Athletico,Internacional,Más de 7.5 tiros al arco,Tiros,65.8,1.73,0.138,True,False,False,False,Perdido,Athletico 2-0 Internacional,2026-07-25T06:27:25.018045-05:00,2026-07-26T06:25:07.868887-05:00
2026-07-25,18:30,comp_4795,Multi-liga,Vasco da Gama,Mirassol,Combinada: Más de 8.5 córners (Vasco da Gama) + Menos de 2.5 goles (Lanús),Combinada,66.2,1.94,0.284,False,True,False,True,Ganado,Más de 8.5 córners: Ganado | Menos de 2.5 goles: Ganado,2026-07-25T06:27:25.018045-05:00,2026-07-26T06:25:07.868887-05:00
2026-07-25,16:30,comp_4795,Brasileirão Série A,Santos,Chapecoense,Más de 28.5 tiros,Tiros,54.3,,0.086,False,False,True,False,Perdido,Santos 2-2 Chapecoense,2026-07-25T07:17:28.231879-05:00,2026-07-26T06:25:07.868887-05:00
2026-07-26,07:00,comp_7938,Danish Superliga,Sønderjyske Fodbold,FC Midtjylland,Más de 8.5 córners,Córners,67.4,,-0.09,False,False,True,False,Pendiente,,2026-07-26T06:25:08.769878-05:00,
2026-07-26,07:30,comp_1992,Eliteserien,SK Brann,Vålerenga IF,Más de 9.5 córners,Córners,74.6,,0.112,False,False,True,False,Pendiente,,2026-07-26T06:25:08.769878-05:00,
2026-07-26,09:00,comp_7938,Danish Superliga,FC København,Lyngby,Ambos anotan - No,Goles,61.8,,0.001,False,False,True,False,Pendiente,,2026-07-26T06:25:08.769878-05:00,
2026-07-26,10:00,comp_1992,Eliteserien,Sarpsborg 08,HamKam,Más de 9.5 córners,Córners,80.9,,0.116,False,False,True,False,Pendiente,,2026-07-26T06:25:08.769878-05:00,
2026-07-26,10:00,comp_1992,Eliteserien,Sandefjord Fotball,Bodø/Glimt,Más de 9.5 córners,Córners,70.9,,0.014,False,False,True,False,Pendiente,,2026-07-26T06:25:08.769878-05:00,
2026-07-26,10:00,comp_1992,Eliteserien,KFUM Oslo,Molde FK,Ambos anotan - Sí,Goles,54.9,,-0.001,False,False,True,False,Pendiente,,2026-07-26T06:25:08.769878-05:00,
2026-07-26,12:15,comp_1992,Eliteserien,Aalesunds FK,Viking FK,Más de 9.5 córners,Córners,75.0,,0.035,False,False,True,False,Pendiente,,2026-07-26T06:25:08.769878-05:00,
2026-07-26,13:00,comp_4540,Liga Profesional Argentina,Atlético Tucumán,Independiente Rivadavia,Más de 23.5 tiros,Tiros,59.3,,0.067,False,False,True,False,Pendiente,,2026-07-26T06:25:08.769878-05:00,
2026-07-26,13:00,comp_6981,Liga 1 Perú,Universidad Técnica de Cajamarca,CD Moquegua,Ambos anotan - Sí,Goles,51.4,,0.002,False,False,True,False,Pendiente,,2026-07-26T06:25:08.769878-05:00,
2026-07-26,14:00,comp_720692,Primera A Colombia,Internacional de Bogotá,América de Cali,Ambos anotan - No,Goles,51.9,,0.002,False,False,True,False,Pendiente,,2026-07-26T06:25:08.769878-05:00,
2026-07-26,16:05,comp_720692,Primera A Colombia,Rionegro Águilas Doradas,Independiente Santa Fe,Ambos anotan - No,Goles,56.3,,0.002,False,False,True,False,Pendiente,,2026-07-26T06:25:08.769878-05:00,
2026-07-26,17:30,comp_4540,Liga Profesional Argentina,Deportivo Riestra,Boca Juniors,Más de 8.5 córners,Córners,61.2,,0.12,False,False,True,False,Pendiente,,2026-07-26T06:25:08.769878-05:00,
2026-07-26,18:10,comp_720692,Primera A Colombia,Alianza Valledupar FC,Fortaleza CEIF,Ambos anotan - No,Goles,56.3,,0.002,False,False,True,False,Pendiente,,2026-07-26T06:25:08.769878-05:00,
2026-07-26,19:15,comp_1917,LigaPro Serie A Ecuador,Barcelona SC,LDU,Más de 8.5 córners,Córners,71.2,,0.061,False,False,True,False,Pendiente,,2026-07-26T06:25:08.769878-05:00,
2026-07-27,16:30,comp_1917,LigaPro Serie A Ecuador,Guayaquil City,Universidad Católica del Ecuador,Más de 2.5 goles,Goles,46.7,,0.002,False,False,True,False,Pendiente,,2026-07-26T06:25:08.769878-05:00,
2026-07-29,12:00,comp_408698,UEFA Conference League,FC København,Polissya Zhytomyr,Más de 2.5 goles,Goles,74.6,,0.0,False,False,True,False,Pendiente,,2026-07-26T06:25:08.769878-05:00,
2026-07-29,12:30,comp_3498,UEFA Champions League,Hapoel Be'er Sheva,Víkingur Reykjavík,Menos de 2.5 goles,Goles,52.8,,0.054,False,False,True,False,Pendiente,,2026-07-26T06:25:08.769878-05:00,
2026-07-29,13:00,comp_4795,Brasileirão Série A,Atlético Mineiro,Red Bull Bragantino,Más de 2.5 goles,Goles,61.2,,0.136,False,False,True,False,Pendiente,,2026-07-26T06:25:08.769878-05:00,
2026-07-29,13:00,comp_3498,UEFA Champions League,Górnik Zabrze,Fenerbahçe,Menos de 2.5 goles,Goles,76.2,,0.274,False,False,True,False,Pendiente,,2026-07-26T06:25:08.769878-05:00,
2026-07-29,13:00,comp_4795,Brasileirão Série A,Botafogo,Grêmio,Menos de 2.5 goles,Goles,60.0,,0.044,False,False,True,False,Pendiente,,2026-07-26T06:25:08.769878-05:00,
2026-07-29,13:00,comp_4795,Brasileirão Série A,Chapecoense,Vasco da Gama,Más de 2.5 goles,Goles,65.6,,0.18,False,False,True,False,Pendiente,,2026-07-26T06:25:08.769878-05:00,
2026-07-29,13:15,comp_3498,UEFA Champions League,ŠK Slovan Bratislava,FC Iberia 1999,Menos de 2.5 goles,Goles,52.0,,0.085,False,False,True,False,Pendiente,,2026-07-26T06:25:08.769878-05:00,
2026-07-29,13:30,comp_408698,UEFA Conference League,SK Rapid Wien,FC Santa Coloma,Más de 2.5 goles,Goles,65.4,,-0.115,False,False,True,False,Pendiente,,2026-07-26T06:25:08.769878-05:00,
2026-07-29,17:00,comp_1615,CONMEBOL Sudamericana,Vasco da Gama,Independiente Medellín,Más de 2.5 goles,Goles,58.6,,0.068,False,False,True,False,Pendiente,,2026-07-26T06:25:08.769878-05:00,
2026-07-29,17:30,comp_4795,Brasileirão Série A,Internacional,Flamengo,Menos de 2.5 goles,Goles,57.8,,0.037,False,False,True,False,Pendiente,,2026-07-26T06:25:08.769878-05:00,
2026-07-29,17:30,comp_4795,Brasileirão Série A,Mirassol,Remo,Más de 2.5 goles,Goles,60.7,,0.131,False,False,True,False,Pendiente,,2026-07-26T06:25:08.769878-05:00,
2026-07-29,19:30,comp_1615,CONMEBOL Sudamericana,Red Bull Bragantino,Club Sporting Cristal,Menos de 2.5 goles,Goles,50.7,,0.063,False,False,True,False,Pendiente,,2026-07-26T06:25:08.769878-05:00,
2026-07-29,19:30,comp_1615,CONMEBOL Sudamericana,Cienciano,Lanús,Menos de 2.5 goles,Goles,67.5,,0.097,False,False,True,False,Pendiente,,2026-07-26T06:25:08.769878-05:00,
2026-07-29,19:30,comp_4795,Brasileirão Série A,Vitória,Palmeiras,Más de 2.5 goles,Goles,65.0,,0.169,False,False,True,False,Pendiente,,2026-07-26T06:25:08.769878-05:00,
2026-07-29,19:30,comp_4795,Brasileirão Série A,Fluminense,Bahia,Más de 2.5 goles,Goles,55.5,,0.042,False,False,True,False,Pendiente,,2026-07-26T06:25:08.769878-05:00,
2026-07-30,11:00,comp_408698,UEFA Conference League,Ilves,Stjarnan Garðabær,Más de 2.5 goles,Goles,76.4,,0.186,False,False,True,False,Pendiente,,2026-07-26T06:25:08.769878-05:00,
2026-07-30,11:00,comp_408698,UEFA Conference League,Nõmme Kalju,Shelbourne,Victoria Nõmme Kalju,1X2,52.2,,0.192,False,False,True,False,Pendiente,,2026-07-26T06:25:08.769878-05:00,
2026-07-30,11:00,comp_408698,UEFA Conference League,Pyunik Yerevan,Debreceni VSC,Menos de 2.5 goles,Goles,54.3,,-0.063,False,False,True,False,Pendiente,,2026-07-26T06:25:08.769878-05:00,
2026-07-30,11:00,comp_408698,UEFA Conference League,Inter Turku,Başakşehir FK,Más de 2.5 goles,Goles,62.4,,0.075,False,False,True,False,Pendiente,,2026-07-26T06:25:08.769878-05:00,
2026-07-30,12:00,comp_408698,UEFA Conference League,FC Nordsjælland,GAIS,Menos de 2.5 goles,Goles,52.8,,0.03,False,False,True,False,Pendiente,,2026-07-26T06:25:08.769878-05:00,
2026-07-30,13:00,comp_408698,UEFA Conference League,IF Vestri,RFS,Menos de 2.5 goles,Goles,53.3,,0.0,False,False,True,False,Pendiente,,2026-07-26T06:25:08.769878-05:00,
2026-07-30,13:15,comp_408698,UEFA Conference League,FC Sion,BATE Borisov,Menos de 2.5 goles,Goles,61.1,,0.264,False,False,True,False,Pendiente,,2026-07-26T06:25:08.769878-05:00,
2026-07-30,13:30,comp_408698,UEFA Conference League,HŠK Zrinjski Mostar,Valur Reykjavík,Más de 2.5 goles,Goles,64.5,,0.046,False,False,True,False,Pendiente,,2026-07-26T06:25:08.769878-05:00,
2026-07-30,13:30,comp_408698,UEFA Conference League,KAA Gent,LNZ Cherkasy,Menos de 2.5 goles,Goles,71.1,,0.0,False,False,True,False,Pendiente,,2026-07-26T06:25:08.769878-05:00,
2026-07-30,13:30,comp_408698,UEFA Conference League,Panathinaikos,Paksi FC,Más de 2.5 goles,Goles,56.7,,-0.087,False,False,True,False,Pendiente,,2026-07-26T06:25:08.769878-05:00,
2026-07-30,13:30,comp_408698,UEFA Conference League,Austria Wien,FK Liepaja,Más de 2.5 goles,Goles,67.9,,-0.035,False,False,True,False,Pendiente,,2026-07-26T06:25:08.769878-05:00,
2026-07-30,13:30,comp_408698,UEFA Conference League,GKS Katowice,MŠK Žilina,Menos de 2.5 goles,Goles,50.5,,0.029,False,False,True,False,Pendiente,,2026-07-26T06:25:08.769878-05:00,
2026-07-30,13:30,comp_408698,UEFA Conference League,CFR 1907 Cluj,FC Alashkert,Más de 2.5 goles,Goles,68.5,,0.048,False,False,True,False,Pendiente,,2026-07-26T06:25:08.769878-05:00,
2026-07-30,13:45,comp_408698,UEFA Conference League,Coleraine FC,HJK,Menos de 2.5 goles,Goles,56.8,,0.168,False,False,True,False,Pendiente,,2026-07-26T06:25:08.769878-05:00,
2026-07-30,13:45,comp_408698,UEFA Conference League,FC Koper,NSÍ Runavík,Más de 2.5 goles,Goles,75.2,,0.085,False,False,True,False,Pendiente,,2026-07-26T06:25:08.769878-05:00,
2026-07-30,14:00,comp_408698,UEFA Conference League,FK Sutjeska Nikšić,ML Vitebsk,Más de 2.5 goles,Goles,68.1,,0.06,False,False,True,False,Pendiente,,2026-07-26T06:25:08.769878-05:00,
2026-07-30,14:00,comp_408698,UEFA Conference League,Hibernian,FC Malisheva,Más de 2.5 goles,Goles,69.7,,-0.017,False,False,True,False,Pendiente,,2026-07-26T06:25:08.769878-05:00,
2026-07-30,14:00,comp_408698,UEFA Conference League,Sporting Braga,FK Železničar Pančevo,Menos de 2.5 goles,Goles,71.1,,0.285,False,False,True,False,Pendiente,,2026-07-26T06:25:08.769878-05:00,
2026-07-30,14:00,comp_408698,UEFA Conference League,Dinamo City,NK Aluminij Kidričevo,Menos de 2.5 goles,Goles,58.9,,0.113,False,False,True,False,Pendiente,,2026-07-26T06:25:08.769878-05:00,
2026-07-30,19:30,comp_1615,CONMEBOL Sudamericana,O'Higgins,Boca Juniors,Menos de 2.5 goles,Goles,64.1,,0.02,False,False,True,False,Pendiente,,2026-07-26T06:25:08.769878-05:00,
2026-07-30,20:00,comp_720692,Primera A Colombia,Atlético Bucaramanga,Llaneros FC,Menos de 2.5 goles,Goles,64.9,,0.0,False,False,True,False,Pendiente,,2026-07-26T06:25:08.769878-05:00,
2026-07-26,13:15,comp_1917,LigaPro Serie A Ecuador,Aucas,Macará,Más de 8.5 córners,Córners,73.2,1.67,0.222,True,False,False,False,Pendiente,,2026-07-26T06:25:08.769878-05:00,
2026-07-26,10:00,comp_1992,Multi-liga,Sarpsborg 08,HamKam,Combinada: Más de 9.5 córners (Sarpsborg 08) + Menos de 2.5 goles (Estudiantes de La Plata),Combinada,61.9,1.99,0.232,False,True,False,True,Pendiente,"[{""partido"": ""Sarpsborg 08 vs HamKam"", ""mercado"": ""Más de 9.5 córners"", ""cuota"": 1.38}, {""partido"": ""Estudiantes de La Plata vs CA Independiente"", ""mercado"": ""Menos de 2.5 goles"", ""cuota"": 1.44}]",2026-07-26T06:25:08.769878-05:00,
