fecha,liga,local,visitante,goles_l_real,goles_v_real,goles_total_real,resultado_real,over_25_real,btts_real,registrado_en,corners_l_real,corners_v_real,shots_l_real,shots_v_real,shots_on_target_l_real,shots_on_target_v_real,fouls_l_real,fouls_v_real,cards_l_real,cards_v_real,stats_registrados_en
2026-07-17,comp_4795,Mirassol,Grêmio,2,1,3,1,True,True,2026-07-21T16:58:17.297224-05:00,,,,,,,,,,,
2026-07-17,comp_4795,Fluminense,Red Bull Bragantino,1,1,2,X,False,True,2026-07-21T16:58:17.301381-05:00,,,,,,,,,,,
2026-07-17,comp_4795,Bahia,Chapecoense,2,0,2,1,False,False,2026-07-21T16:58:17.304085-05:00,,,,,,,,,,,
2026-07-18,comp_1992,Viking FK,Sandefjord Fotball,2,1,3,1,True,True,2026-07-21T16:58:40.602063-05:00,,,,,,,,,,,
2026-07-18,comp_1992,Molde FK,SK Brann,1,2,3,2,True,True,2026-07-21T16:58:40.604880-05:00,,,,,,,,,,,
2026-07-18,comp_1992,IK Start,Rosenborg BK,0,3,3,2,True,False,2026-07-21T16:58:40.607491-05:00,,,,,,,,,,,
2026-07-18,comp_1992,Lillestrøm SK,KFUM Oslo,2,1,3,1,True,True,2026-07-21T16:58:40.609881-05:00,,,,,,,,,,,
2026-07-18,comp_1992,Kristiansund BK,Sarpsborg 08,0,0,0,X,False,False,2026-07-21T16:58:40.612265-05:00,,,,,,,,,,,
2026-07-18,comp_1992,HamKam,Tromsø IL,1,4,5,2,True,True,2026-07-21T16:58:40.614687-05:00,,,,,,,,,,,
2026-07-17,comp_1992,Bodø/Glimt,Fredrikstad FK,1,0,1,1,False,False,2026-07-21T16:58:40.616970-05:00,,,,,,,,,,,
2026-07-19,comp_6981,Alianza Lima,Sport Huancayo,2,1,3,1,True,True,2026-07-21T16:58:44.481697-05:00,11.0,2.0,24.0,8.0,8.0,5.0,12.0,9.0,4.0,3.0,2026-07-23T11:30:53.363165-05:00
2026-07-19,comp_6981,Los Chankas CYC,Sport Boys,1,0,1,1,False,False,2026-07-21T16:58:44.484330-05:00,5.0,5.0,17.0,6.0,9.0,1.0,10.0,14.0,0.0,1.0,2026-07-23T11:30:56.679845-05:00
2026-07-18,comp_6981,Cusco FC,Alianza Atlético de Sullana,4,1,5,1,True,True,2026-07-21T16:58:44.486720-05:00,,,,,,,,,,,
2026-07-18,comp_6981,Club Atlético Grau,Universidad Técnica de Cajamarca,3,1,4,1,True,True,2026-07-21T16:58:44.489051-05:00,,,,,,,,,,,
2026-07-18,comp_6981,Asociación Deportiva Tarma,Universitario,1,2,3,2,True,True,2026-07-21T16:58:44.491400-05:00,,,,,,,,,,,
2026-07-18,comp_6981,CD Moquegua,Comerciantes Unidos,2,2,4,X,True,True,2026-07-21T16:58:44.493798-05:00,,,,,,,,,,,
2026-07-17,comp_6981,Cienciano,Melgar,1,3,4,2,True,True,2026-07-21T16:58:44.496112-05:00,,,,,,,,,,,
2026-07-17,comp_6981,Club Sporting Cristal,Deportivo Garcilaso,1,0,1,1,False,False,2026-07-21T16:58:44.498500-05:00,,,,,,,,,,,
2026-07-17,comp_6981,FC Cajamarca,ADC Juan Pablo II,2,2,4,X,True,True,2026-07-21T16:58:44.500803-05:00,,,,,,,,,,,
2026-07-18,comp_298265,Querétaro FC,Club América,0,1,1,2,False,False,2026-07-21T16:58:48.364054-05:00,2.0,12.0,10.0,17.0,2.0,5.0,14.0,13.0,6.0,4.0,2026-07-23T11:31:30.251557-05:00
2026-07-18,comp_298265,CD Guadalajara,CD Toluca,0,2,2,2,False,False,2026-07-21T16:58:48.366709-05:00,9.0,2.0,13.0,14.0,4.0,9.0,14.0,13.0,2.0,2.0,2026-07-23T11:31:33.560443-05:00
2026-07-18,comp_298265,CF Monterrey,Santos Laguna,3,2,5,1,True,True,2026-07-21T16:58:48.369095-05:00,5.0,5.0,19.0,11.0,13.0,3.0,14.0,9.0,0.0,0.0,2026-07-23T11:31:36.860893-05:00
2026-07-18,comp_298265,Pumas UNAM,CF Pachuca,0,3,3,2,True,False,2026-07-21T16:58:48.371508-05:00,,,,,,,,,,,
2026-07-17,comp_298265,FC Juárez,Club Puebla,0,1,1,2,False,False,2026-07-21T16:58:48.373869-05:00,,,,,,,,,,,
2026-07-17,comp_298265,Atlético San Luis,Cruz Azul,2,3,5,2,True,True,2026-07-21T16:58:48.376217-05:00,,,,,,,,,,,
2026-07-17,comp_298265,Club León,Atlas FC,2,3,5,2,True,True,2026-07-21T16:58:48.378626-05:00,,,,,,,,,,,
2026-07-16,comp_298265,Club Tijuana,Tigres UANL,3,1,4,1,True,True,2026-07-21T16:58:48.381000-05:00,,,,,,,,,,,
2026-07-16,comp_298265,Club Necaxa,Atlante FC,2,1,3,1,True,True,2026-07-21T16:58:48.383391-05:00,,,,,,,,,,,
2026-07-20,comp_1917,Mushuc Runa,Orense SC,2,1,3,1,True,True,2026-07-21T16:58:52.234381-05:00,5.0,4.0,18.0,8.0,7.0,2.0,16.0,11.0,2.0,4.0,2026-07-23T11:32:20.222617-05:00
2026-07-19,comp_1917,Independiente del Valle,Emelec,6,1,7,1,True,True,2026-07-21T16:58:52.237052-05:00,6.0,0.0,21.0,4.0,8.0,3.0,7.0,8.0,2.0,1.0,2026-07-23T11:32:23.524485-05:00
2026-07-19,comp_1917,Guayaquil City,Manta FC,1,0,1,1,False,False,2026-07-21T16:58:52.239554-05:00,5.0,4.0,9.0,12.0,4.0,2.0,9.0,12.0,1.0,3.0,2026-07-23T11:32:26.927160-05:00
2026-07-19,comp_1917,Técnico Universitario,Aucas,0,1,1,2,False,False,2026-07-21T16:58:52.241961-05:00,10.0,6.0,11.0,7.0,3.0,3.0,14.0,19.0,5.0,4.0,2026-07-23T11:32:30.141369-05:00
2026-07-18,comp_1917,Barcelona SC,Libertad,1,0,1,1,False,False,2026-07-21T16:58:52.244375-05:00,5.0,4.0,19.0,12.0,5.0,4.0,20.0,17.0,2.0,3.0,2026-07-23T11:32:33.458933-05:00
2026-07-18,comp_1917,LDU,Leones del Norte,0,1,1,2,False,False,2026-07-21T16:58:52.246842-05:00,,,,,,,,,,,
2026-07-18,comp_1917,Deportivo Cuenca,Universidad Católica del Ecuador,0,2,2,2,False,False,2026-07-21T16:58:52.249220-05:00,,,,,,,,,,,
2026-07-17,comp_1917,Delfín,Macará,2,1,3,1,True,True,2026-07-21T16:58:52.251629-05:00,,,,,,,,,,,
2026-07-16,comp_1917,Orense SC,Emelec,0,2,2,2,False,False,2026-07-21T16:58:52.254035-05:00,,,,,,,,,,,
2026-07-21,comp_3498,Larne FC,FK Crvena zvezda,0,4,4,2,True,False,2026-07-21T16:59:20.235667-05:00,,,,,,,,,,,
2026-07-21,comp_3498,Víkingur Reykjavík,Hapoel Be'er Sheva,2,1,3,1,True,True,2026-07-21T16:59:20.238403-05:00,,,,,,,,,,,
2026-07-21,comp_3498,Klaksvíkar Ítróttarfelag,FK Kauno Žalgiris,0,0,0,X,False,False,2026-07-21T16:59:20.240845-05:00,,,,,,,,,,,
2026-07-21,comp_3498,SK Sturm Graz,Heart of Midlothian,4,0,4,1,True,False,2026-07-21T16:59:20.243282-05:00,4.0,12.0,20.0,19.0,6.0,6.0,18.0,13.0,1.0,2.0,2026-07-23T11:33:23.499643-05:00
2026-07-21,comp_3498,FC Thun,GNK Dinamo Zagreb,1,1,2,X,False,True,2026-07-21T16:59:20.245714-05:00,9.0,5.0,16.0,20.0,3.0,6.0,19.0,13.0,3.0,2.0,2026-07-23T11:33:26.816150-05:00
2026-07-21,comp_3498,Fenerbahçe,Górnik Zabrze,1,0,1,1,False,False,2026-07-21T16:59:20.248147-05:00,9.0,2.0,15.0,2.0,6.0,1.0,15.0,11.0,0.0,0.0,2026-07-23T11:33:30.136611-05:00
2026-07-21,comp_3498,AGF,Lech Poznań,1,4,5,2,True,True,2026-07-21T16:59:20.250606-05:00,4.0,2.0,11.0,17.0,4.0,7.0,11.0,12.0,1.0,2.0,2026-07-23T11:33:33.455050-05:00
2026-07-21,comp_3498,Sabah FK,KuPS,1,0,1,1,False,False,2026-07-21T16:59:20.253014-05:00,,,,,,,,,,,
2026-07-21,comp_3498,Mjällby AIF,Lincoln Red Imps,3,0,3,1,True,False,2026-07-21T16:59:20.255484-05:00,,,,,,,,,,,
2026-07-21,comp_3498,FC Ararat-Armenia,Shamrock Rovers,2,0,2,1,False,False,2026-07-21T16:59:20.257937-05:00,,,,,,,,,,,
2026-07-21,comp_3498,FC Iberia 1999,ŠK Slovan Bratislava,0,2,2,2,False,False,2026-07-21T16:59:20.260406-05:00,,,,,,,,,,,
2026-07-21,comp_408698,Atert Bissen,ETO FC Győr,2,6,8,2,True,True,2026-07-21T16:59:23.534340-05:00,5.0,4.0,21.0,15.0,10.0,10.0,10.0,12.0,1.0,1.0,2026-07-23T11:34:36.941149-05:00
2026-07-21,comp_408698,Floriana FC,FC Drita,1,1,2,X,False,True,2026-07-21T16:59:23.537174-05:00,,,,,,,,,,,
2026-07-21,comp_408698,IFK Göteborg,FCI Levadia Tallinn,1,2,3,2,True,True,2026-07-21T16:59:23.539756-05:00,,,,,,,,,,,
2026-07-17,comp_9799,LA Galaxy,Los Angeles FC,0,3,3,2,True,False,2026-07-21T16:59:26.848996-05:00,,,,,,,,,,,
2026-07-17,comp_9799,Nashville SC,Atlanta United,1,0,1,1,False,False,2026-07-21T16:59:26.851872-05:00,,,,,,,,,,,
2026-07-16,comp_9799,Seattle Sounders FC,Portland Timbers,1,5,6,2,True,True,2026-07-21T16:59:26.854419-05:00,,,,,,,,,,,
2026-07-16,comp_9799,St.Louis City,Sporting Kansas City,3,2,5,1,True,True,2026-07-21T16:59:26.856936-05:00,,,,,,,,,,,
2026-07-21,comp_4795,Atlético Mineiro,Bahia,1,1,2,X,False,True,2026-07-22T11:18:41.639907-05:00,6.0,4.0,16.0,21.0,4.0,4.0,4.0,12.0,0.0,2.0,2026-07-23T11:29:51.115748-05:00
2026-07-21,comp_1615,Universidad Central,Santos,1,4,5,2,True,True,2026-07-22T11:19:29.774665-05:00,2.0,6.0,8.0,17.0,4.0,7.0,9.0,6.0,2.0,2.0,2026-07-23T11:30:30.140625-05:00
2026-07-21,comp_1615,Nacional,Tigre,0,3,3,2,True,False,2026-07-22T11:19:29.777833-05:00,2.0,2.0,7.0,11.0,1.0,4.0,16.0,10.0,2.0,2.0,2026-07-23T11:30:33.461070-05:00
2026-07-21,comp_298265,CD Toluca,Pumas UNAM,1,2,3,2,True,True,2026-07-22T11:20:24.698049-05:00,9.0,1.0,17.0,8.0,4.0,3.0,4.0,11.0,1.0,1.0,2026-07-23T11:31:23.635585-05:00
2026-07-21,comp_298265,Cruz Azul,Club Puebla,2,1,3,1,True,True,2026-07-22T11:20:24.700949-05:00,7.0,3.0,22.0,10.0,7.0,4.0,11.0,7.0,2.0,3.0,2026-07-23T11:31:26.948885-05:00
2026-07-21,comp_1917,Universidad Católica del Ecuador,Barcelona SC,2,1,3,1,True,True,2026-07-22T11:20:29.733789-05:00,8.0,2.0,21.0,10.0,8.0,3.0,11.0,14.0,1.0,3.0,2026-07-23T11:31:53.383251-05:00
2026-07-21,comp_1917,Libertad,Delfín,1,0,1,1,False,False,2026-07-22T11:20:29.736795-05:00,4.0,5.0,16.0,14.0,7.0,3.0,13.0,16.0,2.0,2.0,2026-07-23T11:31:56.695236-05:00
2026-07-22,comp_4795,Chapecoense,Flamengo,0,4,4,2,True,False,2026-07-23T06:18:51.666672-05:00,5.0,3.0,13.0,10.0,3.0,6.0,9.0,8.0,1.0,0.0,2026-07-23T11:29:43.996803-05:00
2026-07-22,comp_4795,Internacional,Cruzeiro,1,2,3,2,True,True,2026-07-23T06:18:51.670560-05:00,5.0,7.0,21.0,13.0,3.0,6.0,18.0,14.0,1.0,6.0,2026-07-23T11:29:45.777925-05:00
2026-07-22,comp_4795,São Paulo,Athletico,1,2,3,2,True,True,2026-07-23T06:18:51.673441-05:00,7.0,3.0,18.0,11.0,3.0,3.0,7.0,15.0,0.0,1.0,2026-07-23T11:29:47.554268-05:00
2026-07-22,comp_4795,Coritiba,Palmeiras,1,3,4,2,True,True,2026-07-23T06:18:51.676195-05:00,8.0,4.0,17.0,14.0,6.0,6.0,10.0,16.0,1.0,3.0,2026-07-23T11:29:49.329678-05:00
2026-07-22,comp_1615,Club Sporting Cristal,Red Bull Bragantino,0,0,0,X,False,False,2026-07-23T06:18:56.444942-05:00,5.0,2.0,20.0,15.0,6.0,5.0,11.0,8.0,1.0,3.0,2026-07-23T11:30:20.195811-05:00
2026-07-22,comp_1615,Lanús,Cienciano,2,0,2,1,False,False,2026-07-23T06:18:56.448210-05:00,7.0,0.0,15.0,3.0,5.0,1.0,10.0,10.0,4.0,2.0,2026-07-23T11:30:23.508876-05:00
2026-07-22,comp_1615,Independiente Medellín,Vasco da Gama,2,2,4,X,True,True,2026-07-23T06:18:56.450934-05:00,3.0,6.0,12.0,13.0,3.0,4.0,11.0,10.0,1.0,1.0,2026-07-23T11:30:26.827079-05:00
2026-07-22,comp_1992,Lillestrøm SK,Viking FK,1,2,3,2,True,True,2026-07-23T06:18:58.817074-05:00,3.0,9.0,11.0,11.0,1.0,6.0,17.0,20.0,2.0,4.0,2026-07-23T11:30:43.422497-05:00
2026-07-22,comp_1992,Bodø/Glimt,HamKam,3,0,3,1,True,False,2026-07-23T06:18:58.820335-05:00,10.0,1.0,21.0,1.0,9.0,1.0,7.0,12.0,0.0,1.0,2026-07-23T11:30:46.733293-05:00
2026-07-22,comp_1917,Manta FC,LDU,1,1,2,X,False,True,2026-07-23T06:19:26.845742-05:00,10.0,7.0,16.0,12.0,2.0,2.0,15.0,14.0,4.0,2.0,2026-07-23T11:31:43.464874-05:00
2026-07-22,comp_1917,Independiente del Valle,Técnico Universitario,3,0,3,1,True,False,2026-07-23T06:19:26.849119-05:00,5.0,4.0,13.0,7.0,8.0,0.0,11.0,20.0,0.0,4.0,2026-07-23T11:31:46.773536-05:00
2026-07-22,comp_1917,Macará,Deportivo Cuenca,3,0,3,1,True,False,2026-07-23T06:19:26.852461-05:00,4.0,3.0,15.0,12.0,6.0,2.0,9.0,11.0,2.0,4.0,2026-07-23T11:31:50.080657-05:00
2026-07-22,comp_3498,KF Egnatia,NK Celje,3,3,6,X,True,True,2026-07-23T06:19:33.482709-05:00,,,,,,,,,,,
2026-07-22,comp_3498,Levski Sofia,Universitatea Craiova,1,0,1,1,False,False,2026-07-23T06:19:33.486197-05:00,,,,,,,,,,,
2026-07-22,comp_3498,Omonia Nicosia,Kairat Almaty,1,0,1,1,False,False,2026-07-23T06:19:33.489369-05:00,,,,,,,,,,,
2026-07-22,comp_408698,FK Železničar Pančevo,Sporting Braga,0,1,1,2,False,False,2026-07-23T06:19:36.791499-05:00,,,,,,,,,,,
2026-07-22,comp_408698,FC Spartak Trnava,FC CSKA 1948 Sofia,0,0,0,X,False,False,2026-07-23T06:19:36.794859-05:00,,,,,,,,,,,
2026-07-22,comp_408698,FK Vardar Skopje,Riga FC,2,3,5,2,True,True,2026-07-23T06:19:36.797455-05:00,,,,,,,,,,,
2026-07-22,comp_408698,Başakşehir FK,Inter Turku,1,1,2,X,False,True,2026-07-23T06:19:36.800044-05:00,8.0,1.0,24.0,12.0,9.0,5.0,13.0,9.0,1.0,2.0,2026-07-23T11:34:26.820600-05:00
2026-07-22,comp_408698,Bohemian FC,KF Ballkani,2,1,3,1,True,True,2026-07-23T06:19:36.802617-05:00,,,,,,,,,,,
2026-07-22,comp_408698,Neftçi Baku PFK,Dinamo Minsk,2,4,6,2,True,True,2026-07-23T06:19:36.805238-05:00,,,,,,,,,,,
2026-07-22,comp_9799,Los Angeles FC,Real Salt Lake,3,1,4,1,True,True,2026-07-23T06:19:40.132050-05:00,7.0,12.0,12.0,28.0,3.0,6.0,5.0,7.0,0.0,0.0,2026-07-23T11:34:50.021703-05:00
2026-07-22,comp_9799,LA Galaxy,St.Louis City,1,3,4,2,True,True,2026-07-23T06:19:40.135358-05:00,4.0,7.0,11.0,15.0,3.0,9.0,11.0,16.0,4.0,1.0,2026-07-23T11:34:53.354865-05:00
2026-07-22,comp_9799,San Jose Earthquakes,Orlando City SC,0,4,4,2,True,False,2026-07-23T06:19:40.138002-05:00,3.0,2.0,11.0,15.0,7.0,8.0,20.0,10.0,4.0,2.0,2026-07-23T11:34:56.664320-05:00
2026-07-22,comp_9799,Portland Timbers,FC Dallas,2,2,4,X,True,True,2026-07-23T06:19:40.140608-05:00,5.0,3.0,16.0,11.0,4.0,3.0,12.0,13.0,3.0,2.0,2026-07-23T11:35:20.215137-05:00
2026-07-22,comp_9799,Colorado Rapids,San Diego FC,1,0,1,1,False,False,2026-07-23T06:19:40.143176-05:00,5.0,3.0,9.0,6.0,1.0,2.0,17.0,7.0,4.0,3.0,2026-07-23T11:35:23.523296-05:00
2026-07-22,comp_9799,Austin FC,Seattle Sounders FC,3,1,4,1,True,True,2026-07-23T06:19:40.145753-05:00,4.0,4.0,10.0,10.0,6.0,3.0,5.0,12.0,2.0,2.0,2026-07-23T11:35:26.840369-05:00
2026-07-22,comp_9799,Sporting Kansas City,Minnesota United,2,1,3,1,True,True,2026-07-23T06:19:40.148360-05:00,3.0,6.0,11.0,16.0,7.0,10.0,17.0,7.0,2.0,3.0,2026-07-23T11:35:30.154560-05:00
2026-07-22,comp_9799,Houston Dynamo,DC United,1,1,2,X,False,True,2026-07-23T06:19:40.150981-05:00,3.0,3.0,20.0,7.0,5.0,1.0,8.0,15.0,2.0,4.0,2026-07-23T11:35:33.475598-05:00
2026-07-22,comp_9799,Nashville SC,CF Montréal,1,0,1,1,False,False,2026-07-23T06:19:40.153645-05:00,3.0,2.0,10.0,7.0,1.0,2.0,9.0,12.0,1.0,1.0,2026-07-23T11:35:36.783202-05:00
2026-07-22,comp_9799,Charlotte FC,Atlanta United,2,2,4,X,True,True,2026-07-23T06:19:40.156245-05:00,6.0,3.0,24.0,12.0,9.0,6.0,3.0,9.0,1.0,3.0,2026-07-23T11:35:40.104172-05:00
2026-07-22,comp_9799,Columbus Crew,New York City FC,1,2,3,2,True,True,2026-07-23T06:19:40.158907-05:00,3.0,0.0,11.0,8.0,4.0,5.0,7.0,11.0,3.0,2.0,2026-07-23T11:35:43.464541-05:00
2026-07-22,comp_9799,Philadelphia Union,New York Red Bulls,3,1,4,1,True,True,2026-07-23T06:19:40.161538-05:00,8.0,6.0,24.0,9.0,9.0,4.0,13.0,10.0,0.0,3.0,2026-07-23T11:35:46.722608-05:00
2026-07-22,comp_9799,New England Revolution,Toronto FC,0,0,0,X,False,False,2026-07-23T06:19:40.164149-05:00,7.0,9.0,11.0,13.0,3.0,1.0,10.0,13.0,2.0,0.0,2026-07-23T11:35:50.042568-05:00
2026-07-22,comp_9799,Inter Miami CF,Chicago Fire,3,2,5,1,True,True,2026-07-23T06:19:40.166733-05:00,8.0,4.0,14.0,15.0,7.0,4.0,8.0,16.0,1.0,1.0,2026-07-23T11:35:53.559594-05:00
2026-07-22,comp_9799,FC Cincinnati,Vancouver Whitecaps,4,3,7,1,True,True,2026-07-23T06:19:40.169361-05:00,1.0,3.0,10.0,19.0,6.0,6.0,12.0,13.0,1.0,5.0,2026-07-23T11:35:56.581892-05:00
2026-07-23,comp_408698,FC Malisheva,Hibernian,2,0,2,1,False,False,2026-07-23T11:33:53.373813-05:00,,,,,,,,,,,
2026-07-23,comp_4540,Defensa y Justicia,Aldosivi,1,1,2,X,False,True,2026-07-24T01:55:48.243153-05:00,6.0,2.0,15.0,8.0,5.0,3.0,9.0,16.0,2.0,3.0,2026-07-24T01:55:48.243176-05:00
2026-07-23,comp_4540,Sarmiento,Argentinos Juniors,2,3,5,2,True,True,2026-07-24T01:55:49.554973-05:00,7.0,2.0,11.0,13.0,3.0,5.0,15.0,14.0,3.0,6.0,2026-07-24T01:55:49.554992-05:00
2026-07-23,comp_4540,Belgrano,Rosario Central,2,1,3,1,True,True,2026-07-24T01:55:50.851917-05:00,6.0,7.0,13.0,10.0,5.0,3.0,10.0,13.0,0.0,2.0,2026-07-24T01:55:50.851935-05:00
2026-07-23,comp_4795,Botafogo,Vitória,0,0,0,X,False,False,2026-07-24T01:55:53.461901-05:00,9.0,3.0,19.0,5.0,6.0,1.0,16.0,14.0,1.0,1.0,2026-07-24T01:55:53.461919-05:00
2026-07-23,comp_4795,Corinthians,Remo,3,0,3,1,True,False,2026-07-24T01:55:54.770027-05:00,3.0,4.0,15.0,3.0,7.0,0.0,12.0,9.0,1.0,1.0,2026-07-24T01:55:54.770045-05:00
2026-07-23,comp_1615,Independiente Santa Fe,Caracas F.C.,2,0,2,1,False,False,2026-07-24T01:56:23.596785-05:00,5.0,2.0,13.0,10.0,3.0,1.0,10.0,6.0,0.0,0.0,2026-07-24T01:56:23.596804-05:00
2026-07-23,comp_1615,Boca Juniors,O'Higgins,1,0,1,1,False,False,2026-07-24T01:56:26.902006-05:00,7.0,3.0,15.0,10.0,2.0,3.0,11.0,11.0,0.0,1.0,2026-07-24T01:56:26.902024-05:00
2026-07-23,comp_1615,Bolívar,Grêmio,3,2,5,1,True,True,2026-07-24T01:56:30.210699-05:00,6.0,6.0,31.0,13.0,10.0,5.0,12.0,5.0,0.0,2.0,2026-07-24T01:56:30.210717-05:00
2026-07-23,comp_1917,Emelec,Mushuc Runa,1,1,2,X,False,True,2026-07-24T01:56:50.049131-05:00,11.0,7.0,13.0,7.0,4.0,3.0,6.0,11.0,1.0,1.0,2026-07-24T01:56:50.049149-05:00
2026-07-23,comp_1917,Orense SC,Aucas,2,1,3,1,True,True,2026-07-24T01:56:53.374034-05:00,6.0,3.0,12.0,8.0,7.0,3.0,13.0,10.0,1.0,0.0,2026-07-24T01:56:53.374051-05:00
2026-07-23,comp_1917,Leones del Norte,Guayaquil City,1,1,2,X,False,True,2026-07-24T01:56:56.683763-05:00,9.0,1.0,33.0,7.0,7.0,5.0,11.0,6.0,2.0,3.0,2026-07-24T01:56:56.683781-05:00
2026-07-23,comp_408698,Valur Reykjavík,HŠK Zrinjski Mostar,1,0,1,1,False,False,2026-07-24T01:58:23.622657-05:00,,,,,,,,,,,
2026-07-23,comp_408698,Stjarnan Garðabær,Ilves,1,0,1,1,False,False,2026-07-24T01:58:26.927037-05:00,,,,,,,,,,,
2026-07-23,comp_408698,FK Partizan,Una Strassen,4,0,4,1,True,False,2026-07-24T01:58:30.235519-05:00,,,,,,,,,,,
2026-07-23,comp_408698,NSÍ Runavík,FC Koper,0,2,2,2,False,False,2026-07-24T01:58:33.543178-05:00,,,,,,,,,,,
2026-07-23,comp_408698,NK Bravo,KF Shkëndija,2,1,3,1,True,True,2026-07-24T01:58:36.851251-05:00,,,,,,,,,,,
2026-07-23,comp_408698,Motherwell,HB Tórshavn,2,0,2,1,False,False,2026-07-24T01:58:40.153383-05:00,,,,,,,,,,,
2026-07-23,comp_408698,Shelbourne,Nõmme Kalju,5,2,7,1,True,True,2026-07-24T01:58:43.459640-05:00,,,,,,,,,,,
2026-07-23,comp_408698,HNK Rijeka,Derry City,1,0,1,1,False,False,2026-07-24T01:58:46.769983-05:00,,,,,,,,,,,
2026-07-23,comp_408698,MŠK Žilina,GKS Katowice,2,1,3,1,True,True,2026-07-24T01:58:50.076908-05:00,,,,,,,,,,,
2026-07-23,comp_408698,FK Borac Banja Luka,FC Petrocub Hîncesti,3,0,3,1,True,False,2026-07-24T01:58:53.379852-05:00,,,,,,,,,,,
2026-07-23,comp_408698,LNZ Cherkasy,KAA Gent,0,0,0,X,False,False,2026-07-24T01:58:56.694362-05:00,,,,,,,,,,,
2026-07-23,comp_408698,Hapoel Tel Aviv,Ludogorets,2,0,2,1,False,False,2026-07-24T01:59:20.250497-05:00,,,,,,,,,,,
2026-07-23,comp_408698,FC Lugano,Dukagjini,1,0,1,1,False,False,2026-07-24T01:59:23.537178-05:00,7.0,3.0,24.0,12.0,7.0,3.0,17.0,12.0,2.0,2.0,2026-07-24T01:59:23.537196-05:00
2026-07-23,comp_408698,NK Varaždin,FK Jablonec,3,2,5,1,True,True,2026-07-24T01:59:26.875433-05:00,,,,,,,,,,,
2026-07-23,comp_408698,FK Vojvodina,AFC Ajax,1,4,5,2,True,True,2026-07-24T01:59:30.167462-05:00,1.0,10.0,9.0,18.0,4.0,10.0,18.0,7.0,3.0,0.0,2026-07-24T01:59:30.167480-05:00
2026-07-23,comp_408698,NK Aluminij Kidričevo,Dinamo City,1,1,2,X,False,True,2026-07-24T01:59:33.501711-05:00,,,,,,,,,,,
2026-07-23,comp_408698,Polissya Zhytomyr,FC København,3,3,6,X,True,True,2026-07-24T01:59:36.790172-05:00,2.0,3.0,20.0,11.0,7.0,7.0,8.0,13.0,2.0,2.0,2026-07-24T01:59:36.790189-05:00
2026-07-23,comp_408698,Paksi FC,Panathinaikos,1,2,3,2,True,True,2026-07-24T01:59:40.104177-05:00,5.0,4.0,15.0,18.0,2.0,6.0,9.0,13.0,0.0,3.0,2026-07-24T01:59:40.104195-05:00
2026-07-23,comp_408698,FCSB,FK Auda,2,3,5,2,True,True,2026-07-24T01:59:43.449622-05:00,,,,,,,,,,,
2026-07-23,comp_408698,FC Vaduz,Atlètic Club Escaldes,4,0,4,1,True,False,2026-07-24T01:59:46.755783-05:00,,,,,,,,,,,
2026-07-23,comp_408698,FC Santa Coloma,SK Rapid Wien,1,3,4,2,True,True,2026-07-24T01:59:50.040991-05:00,2.0,7.0,10.0,21.0,2.0,8.0,9.0,13.0,0.0,0.0,2026-07-24T01:59:50.041008-05:00
2026-07-23,comp_408698,Dinamo Tbilisi,FK Žalgiris,3,0,3,1,True,False,2026-07-24T01:59:53.387208-05:00,,,,,,,,,,,
2026-07-23,comp_408698,BATE Borisov,FC Sion,1,1,2,X,False,True,2026-07-24T01:59:56.665390-05:00,1.0,8.0,9.0,23.0,2.0,8.0,11.0,10.0,2.0,1.0,2026-07-24T01:59:56.665408-05:00
2026-07-23,comp_408698,FC Universitatea Cluj,SK Brann,2,2,4,X,True,True,2026-07-24T02:00:20.277847-05:00,,,,,,,,,,,
2026-07-23,comp_408698,ML Vitebsk,FK Sutjeska Nikšić,3,0,3,1,True,False,2026-07-24T02:00:23.589378-05:00,,,,,,,,,,,
2026-07-23,comp_408698,FC Zimbru Chişinău,FC Noah,1,1,2,X,False,True,2026-07-24T02:00:26.900164-05:00,,,,,,,,,,,
2026-07-23,comp_408698,GAIS,FC Nordsjælland,1,0,1,1,False,False,2026-07-24T02:00:30.282716-05:00,8.0,6.0,16.0,10.0,4.0,1.0,13.0,13.0,1.0,0.0,2026-07-24T02:00:30.282734-05:00
2026-07-23,comp_408698,RFS,IF Vestri,4,1,5,1,True,True,2026-07-24T02:00:33.524714-05:00,,,,,,,,,,,
2026-07-23,comp_408698,AEK Larnaca,Beitar Jerusalem,0,1,1,2,False,False,2026-07-24T02:00:36.817796-05:00,,,,,,,,,,,
2026-07-23,comp_408698,DAC 1904,FK Velež Mostar,1,0,1,1,False,False,2026-07-24T02:00:40.158933-05:00,,,,,,,,,,,
2026-07-23,comp_408698,Raków Częstochowa,Valletta FC,3,1,4,1,True,True,2026-07-24T02:00:43.437743-05:00,,,,,,,,,,,
2026-07-23,comp_408698,Paide Linnameeskond,Zirə FK,1,0,1,1,False,False,2026-07-24T02:00:46.748492-05:00,,,,,,,,,,,
2026-07-23,comp_408698,FC Dila Gori,Apollon Limassol,0,4,4,2,True,False,2026-07-24T02:00:50.064891-05:00,,,,,,,,,,,
2026-07-23,comp_408698,Flora Tallinn,The New Saints,1,0,1,1,False,False,2026-07-24T02:00:53.375580-05:00,,,,,,,,,,,
2026-07-23,comp_408698,Debreceni VSC,Pyunik Yerevan,1,0,1,1,False,False,2026-07-24T02:00:56.655451-05:00,4.0,4.0,20.0,18.0,1.0,3.0,14.0,7.0,1.0,3.0,2026-07-24T02:00:56.655470-05:00
2026-07-23,comp_408698,HJK,Coleraine FC,5,0,5,1,True,False,2026-07-24T02:01:20.280245-05:00,,,,,,,,,,,
2026-07-23,comp_408698,FK Panevėžys,FC Tobol,1,1,2,X,False,True,2026-07-24T02:01:23.594401-05:00,,,,,,,,,,,
2026-07-23,comp_408698,FC Alashkert,CFR 1907 Cluj,1,1,2,X,False,True,2026-07-24T02:01:26.900672-05:00,,,,,,,,,,,
2026-07-23,comp_408698,FK Liepaja,Austria Wien,0,2,2,2,False,False,2026-07-24T02:01:30.136486-05:00,6.0,3.0,14.0,10.0,3.0,3.0,9.0,12.0,2.0,1.0,2026-07-24T02:01:30.136505-05:00
2026-07-24,comp_7938,Viborg FF,Odense Boldklub,1,0,1,1,False,False,2026-07-24T14:06:23.502490-05:00,7.0,10.0,10.0,19.0,3.0,4.0,15.0,11.0,2.0,1.0,2026-07-24T14:06:23.502513-05:00
2026-07-24,comp_4540,Huracán,Banfield,1,0,1,1,False,False,2026-07-25T06:21:06.035061-05:00,4.0,2.0,21.0,5.0,11.0,1.0,11.0,12.0,1.0,3.0,2026-07-25T06:21:06.035084-05:00
2026-07-24,comp_4540,Platense,Club Atlético Unión de Santa Fe,2,2,4,X,True,True,2026-07-25T06:21:10.942063-05:00,6.0,2.0,16.0,10.0,5.0,4.0,12.0,15.0,3.0,2.0,2026-07-25T06:21:10.942082-05:00
2026-07-24,comp_4540,Racing Club,Gimnasia y Esgrima,2,1,3,1,True,True,2026-07-25T06:21:15.844208-05:00,4.0,3.0,18.0,9.0,7.0,5.0,10.0,12.0,1.0,3.0,2026-07-25T06:21:15.844230-05:00
2026-07-24,comp_4540,Vélez Sarsfield,Instituto De Córdoba,1,0,1,1,False,False,2026-07-25T06:21:20.750103-05:00,1.0,6.0,8.0,19.0,5.0,2.0,7.0,9.0,2.0,2.0,2026-07-25T06:21:20.750121-05:00
2026-07-24,comp_4540,Gimnasia y Esgrima Mendoza,Central Córdoba,1,0,1,1,False,False,2026-07-25T06:21:25.656010-05:00,3.0,3.0,22.0,8.0,8.0,3.0,6.0,13.0,0.0,1.0,2026-07-25T06:21:25.656029-05:00
2026-07-24,comp_720692,Deportivo Cali,Jaguares de Córdoba,2,0,2,1,False,False,2026-07-25T06:21:40.361740-05:00,6.0,3.0,13.0,8.0,6.0,0.0,14.0,15.0,4.0,3.0,2026-07-25T06:21:40.361759-05:00
2026-07-24,comp_720692,Llaneros FC,Deportivo Pereira,1,0,1,1,False,False,2026-07-25T06:21:45.271547-05:00,6.0,3.0,21.0,9.0,11.0,2.0,12.0,17.0,3.0,4.0,2026-07-25T06:21:45.271565-05:00
2026-07-24,comp_6981,Universitario,Cusco FC,2,1,3,1,True,True,2026-07-25T06:22:33.519143-05:00,3.0,4.0,18.0,9.0,5.0,3.0,7.0,12.0,1.0,3.0,2026-07-25T06:22:33.519160-05:00
2026-07-24,comp_6981,Alianza Atlético de Sullana,Los Chankas CYC,3,1,4,1,True,True,2026-07-25T06:22:36.831577-05:00,2.0,6.0,17.0,16.0,5.0,7.0,17.0,11.0,1.0,1.0,2026-07-25T06:22:36.831596-05:00
2026-07-24,comp_298265,Atlante FC,Club América,1,1,2,X,False,True,2026-07-25T06:22:43.449348-05:00,2.0,9.0,8.0,20.0,4.0,8.0,18.0,14.0,1.0,3.0,2026-07-25T06:22:43.449366-05:00
2026-07-24,comp_298265,Club Tijuana,Club León,1,0,1,1,False,False,2026-07-25T06:22:46.753914-05:00,3.0,10.0,9.0,11.0,3.0,2.0,12.0,13.0,0.0,2.0,2026-07-25T06:22:46.753933-05:00
2026-07-25,comp_4540,Lanús,San Lorenzo,1,0,1,1,False,False,2026-07-26T06:21:00.066938-05:00,8.0,2.0,23.0,13.0,10.0,5.0,15.0,13.0,3.0,3.0,2026-07-26T06:21:00.066962-05:00
2026-07-25,comp_4540,River Plate,Barracas Central,0,1,1,2,False,False,2026-07-26T06:21:00.438571-05:00,3.0,1.0,15.0,4.0,4.0,2.0,8.0,21.0,2.0,5.0,2026-07-26T06:21:00.438590-05:00
2026-07-25,comp_4540,Newell's Old Boys,Talleres,1,0,1,1,False,False,2026-07-26T06:21:05.400144-05:00,8.0,9.0,11.0,17.0,4.0,5.0,14.0,12.0,1.0,2.0,2026-07-26T06:21:05.400170-05:00
2026-07-25,comp_4540,Estudiantes de Río Cuarto,Tigre,1,0,1,1,False,False,2026-07-26T06:21:10.358885-05:00,4.0,5.0,8.0,18.0,2.0,4.0,18.0,13.0,2.0,2.0,2026-07-26T06:21:10.358902-05:00
2026-07-25,comp_4795,Vasco da Gama,Mirassol,1,1,2,X,False,True,2026-07-26T06:21:20.284533-05:00,9.0,5.0,20.0,10.0,4.0,3.0,12.0,7.0,1.0,1.0,2026-07-26T06:21:20.284550-05:00
2026-07-25,comp_4795,Santos,Chapecoense,2,2,4,X,True,True,2026-07-26T06:21:25.246657-05:00,12.0,1.0,21.0,5.0,7.0,3.0,11.0,13.0,3.0,4.0,2026-07-26T06:21:25.246674-05:00
2026-07-25,comp_4795,Athletico,Internacional,2,0,2,1,False,False,2026-07-26T06:21:30.215682-05:00,3.0,7.0,14.0,13.0,3.0,3.0,13.0,8.0,,,2026-07-26T06:21:30.215700-05:00
2026-07-25,comp_720692,Deportes Tolima,Junior Barranquilla,2,1,3,1,True,True,2026-07-26T06:21:40.143542-05:00,1.0,7.0,10.0,14.0,4.0,3.0,14.0,8.0,1.0,3.0,2026-07-26T06:21:40.143559-05:00
2026-07-25,comp_720692,Millonarios,Atlético Bucaramanga,0,1,1,2,False,False,2026-07-26T06:21:45.098383-05:00,8.0,5.0,19.0,9.0,4.0,2.0,9.0,6.0,3.0,0.0,2026-07-26T06:21:45.098401-05:00
2026-07-25,comp_720692,Independiente Medellín,Deportivo Pasto,3,2,5,1,True,True,2026-07-26T06:21:50.065075-05:00,4.0,4.0,8.0,12.0,3.0,4.0,18.0,12.0,3.0,4.0,2026-07-26T06:21:50.065094-05:00
2026-07-25,comp_7938,AGF,Brøndby IF,1,1,2,X,False,True,2026-07-26T06:22:30.162086-05:00,10.0,6.0,13.0,13.0,3.0,2.0,12.0,23.0,1.0,5.0,2026-07-26T06:22:30.162125-05:00
2026-07-25,comp_1992,Kristiansund BK,IK Start,1,2,3,2,True,True,2026-07-26T06:22:36.791492-05:00,3.0,6.0,7.0,21.0,2.0,5.0,11.0,14.0,5.0,2.0,2026-07-26T06:22:36.791510-05:00
2026-07-25,comp_6981,Melgar,Club Sporting Cristal,2,1,3,1,True,True,2026-07-26T06:22:43.424180-05:00,5.0,2.0,28.0,11.0,8.0,4.0,6.0,12.0,1.0,3.0,2026-07-26T06:22:43.424199-05:00
2026-07-25,comp_6981,ADC Juan Pablo II,Cienciano,2,0,2,1,False,False,2026-07-26T06:22:46.737486-05:00,7.0,5.0,16.0,7.0,7.0,1.0,8.0,12.0,0.0,3.0,2026-07-26T06:22:46.737504-05:00
2026-07-25,comp_6981,Sport Huancayo,Club Atlético Grau,2,0,2,1,False,False,2026-07-26T06:22:50.047963-05:00,10.0,2.0,27.0,9.0,8.0,2.0,10.0,5.0,1.0,1.0,2026-07-26T06:22:50.047980-05:00
2026-07-25,comp_6981,Sport Boys,Asociación Deportiva Tarma,2,0,2,1,False,False,2026-07-26T06:22:53.364795-05:00,6.0,2.0,16.0,6.0,6.0,1.0,10.0,9.0,4.0,2.0,2026-07-26T06:22:53.364813-05:00
2026-07-25,comp_298265,Santos Laguna,Atlas FC,0,1,1,2,False,False,2026-07-26T06:23:20.170608-05:00,4.0,5.0,11.0,11.0,1.0,5.0,11.0,11.0,1.0,1.0,2026-07-26T06:23:20.170630-05:00
2026-07-25,comp_298265,Tigres UANL,Atlético San Luis,2,2,4,X,True,True,2026-07-26T06:23:23.484980-05:00,9.0,3.0,17.0,13.0,2.0,4.0,15.0,14.0,2.0,1.0,2026-07-26T06:23:23.484997-05:00
